ORD,Estado_ID,Estado,ddr_ID,ddr,Cader_ID,Cader,Municipio_ID,Municipio,EstadoMunicipio,Name,Region,INCLUDE,NOM
1,9,Distrito Federal,0,CDMX,,,2,Azcapotzalco,"Azcapotzalco, Distrito Federal",Azcapotzalco,BOM,TRUE,"AZCAPOTZALCO, DISTRITO FEDERAL"
2,9,Distrito Federal,0,CDMX,,,3,Coyoacan,"Coyoacan, Distrito Federal",Coyoacan,BOM,TRUE,"COYOACAN, DISTRITO FEDERAL"
3,9,Distrito Federal,42,Xochimilco,3,San Nicolas Totolapan,4,Cuajimalpa de Morelos,"Cuajimalpa de Morelos, Distrito Federal",Cuajimalpa de Morelos,BOM,TRUE,"CUAJIMALPA DE MORELOS, DISTRITO FEDERAL"
4,9,Distrito Federal,0,CDMX,,,5,Gustavo A. Madero,"Gustavo A. Madero, Distrito Federal",Gustavo A. Madero,BOM,TRUE,"GUSTAVO A. MADERO, DISTRITO FEDERAL"
5,9,Distrito Federal,0,CDMX,,,6,Iztacalco,"Iztacalco, Distrito Federal",Iztacalco,BOM,TRUE,"IZTACALCO, DISTRITO FEDERAL"
6,9,Distrito Federal,0,CDMX,,,7,Iztapalapa,"Iztapalapa, Distrito Federal",Iztapalapa,BOM,TRUE,"IZTAPALAPA, DISTRITO FEDERAL"
7,9,Distrito Federal,42,Xochimilco,3,San Nicolas Totolapan,8,La Magdalena Contreras,"La Magdalena Contreras, Distrito Federal",La Magdalena Contreras,BOM,TRUE,"LA MAGDALENA CONTRERAS, DISTRITO FEDERAL"
8,9,Distrito Federal,42,Xochimilco,2,San Antonio Tecomitl,9,Milpa Alta,"Milpa Alta, Distrito Federal",Milpa Alta,BOM,TRUE,"MILPA ALTA, DISTRITO FEDERAL"
9,9,Distrito Federal,42,Xochimilco,3,San Nicolas Totolapan,10,Alvaro Obregon,"Alvaro Obregon, Distrito Federal",alvaro Obregon,BOM,TRUE,"ALVARO OBREGON, DISTRITO FEDERAL"
10,9,Distrito Federal,42,Xochimilco,2,San Antonio Tecomitl,11,Tlahuac,"Tlahuac, Distrito Federal",Tlahuac,BOM,TRUE,"TLAHUAC, DISTRITO FEDERAL"
11,9,Distrito Federal,42,Xochimilco,1,San Mateo Xalpa,12,Tlalpan,"Tlalpan, Distrito Federal",Tlalpan,BOM,TRUE,"TLALPAN, DISTRITO FEDERAL"
12,9,Distrito Federal,42,Xochimilco,1,San Mateo Xalpa,13,Xochimilco,"Xochimilco, Distrito Federal",Xochimilco,BOM,TRUE,"XOCHIMILCO, DISTRITO FEDERAL"
13,9,Distrito Federal,0,CDMX,,,14,Benito Juarez,"Benito Juarez, Distrito Federal",Benito Juarez,BOM,TRUE,
14,9,Distrito Federal,0,CDMX,,,15,Cuauhtemoc,"Cuauhtemoc, Distrito Federal",Cuauhtemoc,BOM,TRUE,
15,9,Distrito Federal,0,CDMX,,,16,Miguel Hidalgo,"Miguel Hidalgo, Distrito Federal",Miguel Hidalgo,BOM,TRUE,
16,9,Distrito Federal,0,CDMX,,,17,Venustiano Carranza,"Venustiano Carranza, Distrito Federal",Venustiano Carranza,BOM,TRUE,
21,13,Hidalgo,63,Mixquiahuala,6,Tlahuelilpan,5,Ajacuba,"Ajacuba, Hidalgo",Ajacuba,Tula,TRUE,"AJACUBA, HIDALGO"
23,13,Hidalgo,62,Pachuca,3,Apan,7,Almoloya,"Almoloya, Hidalgo",Almoloya,Pachuca,TRUE,"ALMOLOYA, HIDALGO"
24,13,Hidalgo,62,Pachuca,3,Apan,8,Apan,"Apan, Hidalgo",Apan,Pachuca,TRUE,"APAN, HIDALGO"
26,13,Hidalgo,63,Mixquiahuala,6,Tlahuelilpan,10,Atitalaquia,"Atitalaquia, Hidalgo",Atitalaquia,,TRUE,"ATITALAQUIA, HIDALGO"
29,13,Hidalgo,63,Mixquiahuala,6,Tlahuelilpan,13,Atotonilco de Tula,"Atotonilco de Tula, Hidalgo",Atotonilco de Tula,Tula,TRUE,"ATOTONILCO DE TULA, HIDALGO"
37,13,Hidalgo,62,Pachuca,3,Apan,21,Emiliano Zapata,"Emiliano Zapata, Hidalgo",Emiliano Zapata,Pachuca,TRUE,"EMILIANO ZAPATA, HIDALGO"
38,13,Hidalgo,62,Pachuca,1,Pachuca,22,Epazoyucan,"Epazoyucan, Hidalgo",Epazoyucan,Pachuca,TRUE,"EPAZOYUCAN, HIDALGO"
39,13,Hidalgo,63,Mixquiahuala,4,Actopan,23,Francisco I. Madero,"Francisco I. Madero, Hidalgo",Francisco I. Madero,,TRUE,"FRANCISCO I. MADERO, HIDALGO"
55,13,Hidalgo,62,Pachuca,2,Atotonilco,39,Mineral del Monte,"Mineral del Monte, Hidalgo",Mineral del Monte,Pachuca,TRUE,"MINERAL DEL MONTE, HIDALGO"
57,13,Hidalgo,63,Mixquiahuala,5,Mixquiahuala,41,Mixquiahuala de Juarez,"Mixquiahuala de Juarez, Hidalgo",Mixquiahuala de Juarez,Tula,TRUE,"MIXQUIAHUALA DE JUAREZ, HIDALGO"
64,13,Hidalgo,62,Pachuca,1,Pachuca,48,Pachuca de Soto,"Pachuca de Soto, Hidalgo",Pachuca de Soto,Pachuca,TRUE,"PACHUCA DE SOTO, HIDALGO"
67,13,Hidalgo,62,Pachuca,1,Pachuca,51,Mineral de La Reforma,"Mineral de La Reforma, Hidalgo",Mineral de la Reforma,Pachuca,TRUE,"MINERAL DE LA REFORMA, HIDALGO"
68,13,Hidalgo,62,Pachuca,1,Pachuca,52,San Agustin Tlaxiaca,"San Agustin Tlaxiaca, Hidalgo",San Agustin Tlaxiaca,Pachuca,TRUE,"SAN AGUSTIN TLAXIACA, HIDALGO"
73,13,Hidalgo,61,Tulancingo,1,Tulancingo,57,Singuilucan,"Singuilucan, Hidalgo",Singuilucan,Pachuca,TRUE,"SINGUILUCAN, HIDALGO"
77,13,Hidalgo,62,Pachuca,3,Apan,61,Tepeapulco,"Tepeapulco, Hidalgo",Tepeapulco,Pachuca,TRUE,"TEPEAPULCO, HIDALGO"
79,13,Hidalgo,63,Mixquiahuala,7,Tula,63,Tepeji del Rio de Ocampo,"Tepeji del Rio de Ocampo, Hidalgo",Tepeji del Rio de Ocampo,Tula,TRUE,"TEPEJI DEL RIO DE OCAMPO, HIDALGO"
80,13,Hidalgo,63,Mixquiahuala,7,Tula,64,Tepetitlan,"Tepetitlan, Hidalgo",Tepetitlan,Tula,TRUE,"TEPETITLAN, HIDALGO"
81,13,Hidalgo,63,Mixquiahuala,6,Tlahuelilpan,65,Tetepango,"Tetepango, Hidalgo",Tetepango,Tula,TRUE,"TETEPANGO, HIDALGO"
82,13,Hidalgo,62,Pachuca,1,Pachuca,66,Villa de Tezontepec,"Villa de Tezontepec, Hidalgo",Villa de Tezontepec,Pachuca,TRUE,"VILLA DE TEZONTEPEC, HIDALGO"
83,13,Hidalgo,63,Mixquiahuala,5,Mixquiahuala,67,Tezontepec de Aldama,"Tezontepec de Aldama, Hidalgo",Tezontepec de Aldama,Tula,TRUE,"TEZONTEPEC DE ALDAMA, HIDALGO"
85,13,Hidalgo,62,Pachuca,1,Pachuca,69,Tizayuca,"Tizayuca, Hidalgo",Tizayuca,Tula,TRUE,"TIZAYUCA, HIDALGO"
86,13,Hidalgo,63,Mixquiahuala,6,Tlahuelilpan,70,Tlahuelilpan,"Tlahuelilpan, Hidalgo",Tlahuelilpan,Tula,TRUE,
88,13,Hidalgo,62,Pachuca,3,Apan,72,Tlanalapa,"Tlanalapa, Hidalgo",Tlanalapa,Pachuca,TRUE,"TLANALAPA, HIDALGO"
90,13,Hidalgo,63,Mixquiahuala,6,Tlahuelilpan,74,Tlaxcoapan,"Tlaxcoapan, Hidalgo",Tlaxcoapan,Tula,TRUE,"TLAXCOAPAN, HIDALGO"
91,13,Hidalgo,62,Pachuca,1,Pachuca,75,Tolcayuca,"Tolcayuca, Hidalgo",Tolcayuca,Pachuca,TRUE,"TOLCAYUCA, HIDALGO"
92,13,Hidalgo,63,Mixquiahuala,7,Tula,76,Tula de Allende,"Tula de Allende, Hidalgo",Tula de Allende,Pachuca,TRUE,"TULA DE ALLENDE, HIDALGO"
98,13,Hidalgo,62,Pachuca,1,Pachuca,82,Zapotlan de Juarez,"Zapotlan de Juarez, Hidalgo",Zapotlan de Juarez,Pachuca,TRUE,"ZAPOTLAN DE JUAREZ, HIDALGO"
99,13,Hidalgo,62,Pachuca,1,Pachuca,83,Zempoala,"Zempoala, Hidalgo",Zempoala,Pachuca,TRUE,"ZEMPOALA, HIDALGO"
101,15,Mexico,77,Atlacomulco,8,Acambay,1,Acambay de Ruiz Castaneda,"Acambay de Ruiz Castaneda, Mexico",Acambay,North Toluca,TRUE,"ACAMBAY, MEXICO"
102,15,Mexico,74,Zumpango,2,San Juan Teotihuacan,2,Acolman,"Acolman, Mexico",Acolman,BOM,TRUE,"ACOLMAN, MEXICO"
103,15,Mexico,80,Jilotepec,3,Arroyozarco,3,Aculco,"Aculco, Mexico",Aculco,North Toluca,TRUE,"ACULCO, MEXICO"
105,15,Mexico,73,Toluca,2,Almoloya de Juarez,5,Almoloya de Juarez,"Almoloya de Juarez, Mexico",Almoloya de Juarez,Toluca,TRUE,"ALMOLOYA DE JUAREZ, MEXICO"
106,15,Mexico,73,Toluca,7,Santiago Tianguistengo,6,Almoloya del Rio,"Almoloya del Rio, Mexico",Almoloya del Rio,Toluca,TRUE,"ALMOLOYA DEL RIO, MEXICO"
109,15,Mexico,75,Texcoco,5,Amecameca,9,Amecameca,"Amecameca, Mexico",Amecameca,BOM,TRUE,"AMECAMECA, MEXICO"
110,15,Mexico,74,Zumpango,1,Zumpango,10,Apaxco,"Apaxco, Mexico",Apaxco,BOM,TRUE,"APAXCO, MEXICO"
111,15,Mexico,75,Texcoco,1,Atenco,11,Atenco,"Atenco, Mexico",Atenco,BOM,TRUE,"ATENCO, MEXICO"
112,15,Mexico,73,Toluca,7,Santiago Tianguistengo,12,Atizapan,"Atizapan, Mexico",Atizapan,Toluca,TRUE,"ATIZAPAN, MEXICO"
113,15,Mexico,74,Zumpango,4,Nicolas Romero,13,Atizapan de Zaragoza,"Atizapan de Zaragoza, Mexico",Atizapan de Zaragoza,BOM,TRUE,"ATIZAPAN DE ZARAGOZA, MEXICO"
114,15,Mexico,77,Atlacomulco,3,Atlacomulco,14,Atlacomulco,"Atlacomulco, Mexico",Atlacomulco,Toluca,TRUE,"ATLACOMULCO, MEXICO"
115,15,Mexico,75,Texcoco,7,Atlautla,15,Atlautla,"Atlautla, Mexico",Atlautla,BOM,TRUE,"ATLAUTLA, MEXICO"
116,15,Mexico,74,Zumpango,2,San Juan Teotihuacan,16,Axapusco,"Axapusco, Mexico",Axapusco,BOM,TRUE,"AXAPUSCO, MEXICO"
117,15,Mexico,75,Texcoco,5,Amecameca,17,Ayapango,"Ayapango, Mexico",Ayapango,BOM,TRUE,"AYAPANGO, MEXICO"
118,15,Mexico,73,Toluca,8,Mexicalzingo,18,Calimaya,"Calimaya, Mexico",Calimaya,Toluca,TRUE,"CALIMAYA, MEXICO"
119,15,Mexico,73,Toluca,7,Santiago Tianguistengo,19,Capulhuac,"Capulhuac, Mexico",Capulhuac,Toluca,TRUE,"CAPULHUAC, MEXICO"
120,15,Mexico,75,Texcoco,1,Atenco,20,Coacalco de Berriozabal,"Coacalco de Berriozabal, Mexico",Coacalco de Berriozabal,BOM,TRUE,"COACALCO DE BERRIOZABAL, MEXICO"
121,15,Mexico,78,Coatepec Harinas,3,Coatepec Harinas,21,Coatepec Harinas,"Coatepec Harinas, Mexico",Coatepec Harinas,Toluca,TRUE,"COATEPEC HARINAS, MEXICO"
122,15,Mexico,75,Texcoco,4,Chalco,22,Cocotitlan,"Cocotitlan, Mexico",Cocotitlan,BOM,TRUE,"COCOTITLAN, MEXICO"
123,15,Mexico,74,Zumpango,3,Cuautitlan,23,Coyotepec,"Coyotepec, Mexico",Coyotepec,BOM,TRUE,"COYOTEPEC, MEXICO"
124,15,Mexico,74,Zumpango,3,Cuautitlan,24,Cuautitlan,"Cuautitlan, Mexico",Cuautitlan,BOM,TRUE,"CUAUTITLAN, MEXICO"
125,15,Mexico,75,Texcoco,4,Chalco,25,Chalco,"Chalco, Mexico",Chalco,BOM,TRUE,"CHALCO, MEXICO"
126,15,Mexico,80,Jilotepec,1,Chapa de Mota,26,Chapa de Mota,"Chapa de Mota, Mexico",Chapa de Mota,North Toluca,TRUE,"CHAPA DE MOTA, MEXICO"
127,15,Mexico,73,Toluca,8,Mexicalzingo,27,Chapultepec,"Chapultepec, Mexico",Chapultepec,BOM,TRUE,"CHAPULTEPEC, MEXICO"
128,15,Mexico,75,Texcoco,1,Atenco,28,Chiautla,"Chiautla, Mexico",Chiautla,BOM,TRUE,"CHIAUTLA, MEXICO"
129,15,Mexico,75,Texcoco,3,Ixtapaluca,29,Chicoloapan,"Chicoloapan, Mexico",Chicoloapan,BOM,TRUE,"CHICOLOAPAN, MEXICO"
130,15,Mexico,75,Texcoco,1,Atenco,30,Chiconcuac,"Chiconcuac, Mexico",Chiconcuac,BOM,TRUE,"CHICONCUAC, MEXICO"
131,15,Mexico,75,Texcoco,3,Ixtapaluca,31,Chimalhuacan,"Chimalhuacan, Mexico",Chimalhuacan,BOM,TRUE,"CHIMALHUACAN, MEXICO"
133,15,Mexico,75,Texcoco,1,Atenco,33,Ecatepec de Morelos,"Ecatepec de Morelos, Mexico",Ecatepec de Morelos,BOM,TRUE,"ECATEPEC DE MORELOS, MEXICO"
134,15,Mexico,75,Texcoco,7,Atlautla,34,Ecatzingo,"Ecatzingo, Mexico",Ecatzingo,BOM,TRUE,"ECATZINGO, MEXICO"
135,15,Mexico,74,Zumpango,3,Cuautitlan,35,Huehuetoca,"Huehuetoca, Mexico",Huehuetoca,BOM,TRUE,"HUEHUETOCA, MEXICO"
136,15,Mexico,74,Zumpango,1,Zumpango,36,Hueypoxtla,"Hueypoxtla, Mexico",Hueypoxtla,BOM,TRUE,"HUEYPOXTLA, MEXICO"
137,15,Mexico,73,Toluca,1,Lerma,37,Huixquilucan,"Huixquilucan, Mexico",Huixquilucan,BOM,TRUE,"HUIXQUILUCAN, MEXICO"
138,15,Mexico,74,Zumpango,4,Nicolas Romero,38,Isidro Fabela,"Isidro Fabela, Mexico",Isidro Fabela,BOM,TRUE,"ISIDRO FABELA, MEXICO"
139,15,Mexico,75,Texcoco,3,Ixtapaluca,39,Ixtapaluca,"Ixtapaluca, Mexico",Ixtapaluca,BOM,TRUE,"IXTAPALUCA, MEXICO"
140,15,Mexico,78,Coatepec Harinas,10,Tonatico,40,Ixtapan de La Sal,"Ixtapan de La Sal, Mexico",Ixtapan de la Sal,Toluca,TRUE,"IXTAPAN DE LA SAL, MEXICO"
142,15,Mexico,77,Atlacomulco,4,Ixtlahuaca,42,Ixtlahuaca,"Ixtlahuaca, Mexico",Ixtlahuaca,Toluca,TRUE,"IXTLAHUACA, MEXICO"
143,15,Mexico,73,Toluca,7,Santiago Tianguistengo,43,Xalatlaco,"Xalatlaco, Mexico",Xalatlaco,Toluca,TRUE,"XALATLACO, MEXICO"
144,15,Mexico,74,Zumpango,1,Zumpango,44,Jaltenco,"Jaltenco, Mexico",Jaltenco,BOM,TRUE,"JALTENCO, MEXICO"
145,15,Mexico,80,Jilotepec,2,Jilotepec,45,Jilotepec,"Jilotepec, Mexico",Jilotepec,North Toluca,TRUE,"JILOTEPEC, MEXICO"
146,15,Mexico,74,Zumpango,4,Nicolas Romero,46,Jilotzingo,"Jilotzingo, Mexico",Jilotzingo,BOM,TRUE,"JILOTZINGO, MEXICO"
147,15,Mexico,77,Atlacomulco,10,Jiquipilco,47,Jiquipilco,"Jiquipilco, Mexico",Jiquipilco,Toluca,TRUE,"JIQUIPILCO, MEXICO"
148,15,Mexico,77,Atlacomulco,9,Jocotitlan,48,Jocotitlan,"Jocotitlan, Mexico",Jocotitlan,Toluca,TRUE,"JOCOTITLAN, MEXICO"
149,15,Mexico,73,Toluca,4,Tenango del Valle,49,Joquicingo,"Joquicingo, Mexico",Joquicingo,Toluca,TRUE,"JOQUICINGO, MEXICO"
150,15,Mexico,75,Texcoco,6,Juchitepec,50,Juchitepec,"Juchitepec, Mexico",Juchitepec,BOM,TRUE,"JUCHITEPEC, MEXICO"
151,15,Mexico,73,Toluca,1,Lerma,51,Lerma,"Lerma, Mexico",Lerma,Toluca,TRUE,"LERMA, MEXICO"
152,15,Mexico,78,Coatepec Harinas,7,Malinalco,52,Malinalco,"Malinalco, Mexico",Malinalco,Toluca,TRUE,"MALINALCO, MEXICO"
153,15,Mexico,74,Zumpango,3,Cuautitlan,53,Melchor Ocampo,"Melchor Ocampo, Mexico",Melchor Ocampo,BOM,TRUE,"MELCHOR OCAMPO, MEXICO"
154,15,Mexico,73,Toluca,5,Toluca,54,Metepec,"Metepec, Mexico",Metepec,Toluca,TRUE,"METEPEC, MEXICO"
155,15,Mexico,73,Toluca,8,Mexicalzingo,55,Mexicaltzingo,"Mexicaltzingo, Mexico",Mexicaltzingo,BOM,TRUE,"MEXICALTZINGO, MEXICO"
156,15,Mexico,77,Atlacomulco,7,San Bartolo Morelos,56,Morelos,"Morelos, Mexico",Morelos,Toluca,TRUE,"MORELOS, MEXICO"
157,15,Mexico,74,Zumpango,4,Nicolas Romero,57,Naucalpan de Juarez,"Naucalpan de Juarez, Mexico",Naucalpan de Juarez,BOM,TRUE,"NAUCALPAN DE JUAREZ, MEXICO"
158,15,Mexico,74,Zumpango,1,Zumpango,59,Nextlalpan,"Nextlalpan, Mexico",Nextlalpan,BOM,TRUE,"NEXTLALPAN, MEXICO"
159,15,Mexico,74,Zumpango,4,Nicolas Romero,60,Nicolas Romero,"Nicolas Romero, Mexico",Nicolas Romero,BOM,TRUE,"NICOLAS ROMERO, MEXICO"
160,15,Mexico,74,Zumpango,2,San Juan Teotihuacan,61,Nopaltepec,"Nopaltepec, Mexico",Nopaltepec,BOM,TRUE,"NOPALTEPEC, MEXICO"
161,15,Mexico,73,Toluca,1,Lerma,62,Ocoyoacac,"Ocoyoacac, Mexico",Ocoyoacac,Toluca,TRUE,"OCOYOACAC, MEXICO"
162,15,Mexico,78,Coatepec Harinas,4,Ocuilan,63,Ocuilan,"Ocuilan, Mexico",Ocuilan,Toluca,TRUE,"OCUILAN, MEXICO"
163,15,Mexico,77,Atlacomulco,6,Oro El,64,El Oro,"El Oro, Mexico",El Oro,North Toluca,TRUE,"EL ORO, MEXICO"
164,15,Mexico,74,Zumpango,2,San Juan Teotihuacan,65,Otumba,"Otumba, Mexico",Otumba,BOM,TRUE,"OTUMBA, MEXICO"
166,15,Mexico,73,Toluca,9,Xonacatlan,67,Otzolotepec,"Otzolotepec, Mexico",Otzolotepec,Toluca,TRUE,"OTZOLOTEPEC, MEXICO"
167,15,Mexico,75,Texcoco,7,Atlautla,68,Ozumba,"Ozumba, Mexico",Ozumba,BOM,TRUE,"OZUMBA, MEXICO"
168,15,Mexico,75,Texcoco,1,Atenco,69,Papalotla,"Papalotla, Mexico",Papalotla,BOM,TRUE,"PAPALOTLA, MEXICO"
169,15,Mexico,75,Texcoco,3,Ixtapaluca,70,La Paz,"La Paz, Mexico",La Paz,BOM,TRUE,"LA PAZ, MEXICO"
170,15,Mexico,80,Jilotepec,3,Arroyozarco,71,Polotitlan,"Polotitlan, Mexico",Polotitlan,North Toluca,FALSE,"POLOTITLAN, MEXICO"
171,15,Mexico,73,Toluca,4,Tenango del Valle,72,Rayon,"Rayon, Mexico",Rayon,Toluca,TRUE,"RAYON, MEXICO"
172,15,Mexico,73,Toluca,4,Tenango del Valle,73,San Antonio La Isla,"San Antonio La Isla, Mexico",San Antonio La Isla,Toluca,TRUE,"SAN ANTONIO LA ISLA, MEXICO"
173,15,Mexico,77,Atlacomulco,1,San Felipe del Progreso,74,San Felipe del Progreso,"San Felipe del Progreso, Mexico",San Felipe del Progreso,Toluca,TRUE,"SAN FELIPE DEL PROGRESO, MEXICO"
174,15,Mexico,74,Zumpango,2,San Juan Teotihuacan,75,San Martin de Las Piramides,"San Martin de Las Piramides, Mexico",San Martin de las Piramides,BOM,TRUE,"SAN MARTIN DE LAS PIRAMIDES, MEXICO"
175,15,Mexico,73,Toluca,1,Lerma,76,San Mateo Atenco,"San Mateo Atenco, Mexico",San Mateo Atenco,Toluca,TRUE,"SAN MATEO ATENCO, MEXICO"
178,15,Mexico,80,Jilotepec,2,Jilotepec,79,Soyaniquilpan de Juarez,"Soyaniquilpan de Juarez, Mexico",Soyaniquilpan de Juarez,North Toluca,TRUE,"SOYANIQUILPAN DE JUAREZ, MEXICO"
180,15,Mexico,74,Zumpango,1,Zumpango,81,Tecamac,"Tecamac, Mexico",Tecamac,BOM,TRUE,"TECAMAC, MEXICO"
182,15,Mexico,75,Texcoco,6,Juchitepec,83,Temamatla,"Temamatla, Mexico",Temamatla,BOM,TRUE,"TEMAMATLA, MEXICO"
183,15,Mexico,74,Zumpango,2,San Juan Teotihuacan,84,Temascalapa,"Temascalapa, Mexico",Temascalapa,BOM,TRUE,"TEMASCALAPA, MEXICO"
184,15,Mexico,77,Atlacomulco,5,Temascalcingo,85,Temascalcingo,"Temascalcingo, Mexico",Temascalcingo,North Toluca,FALSE,"TEMASCALCINGO, MEXICO"
186,15,Mexico,73,Toluca,6,Temoaya,87,Temoaya,"Temoaya, Mexico",Temoaya,Toluca,TRUE,"TEMOAYA, MEXICO"
187,15,Mexico,78,Coatepec Harinas,2,Tenancingo,88,Tenancingo,"Tenancingo, Mexico",Tenancingo,Toluca,TRUE,"TENANCINGO, MEXICO"
188,15,Mexico,75,Texcoco,6,Juchitepec,89,Tenango del Aire,"Tenango del Aire, Mexico",Tenango del Aire,BOM,TRUE,"TENANGO DEL AIRE, MEXICO"
189,15,Mexico,73,Toluca,4,Tenango del Valle,90,Tenango del Valle,"Tenango del Valle, Mexico",Tenango del Valle,Toluca,TRUE,"TENANGO DEL VALLE, MEXICO"
190,15,Mexico,74,Zumpango,3,Cuautitlan,91,Teoloyucan,"Teoloyucan, Mexico",Teoloyucan,BOM,TRUE,"TEOLOYUCAN, MEXICO"
191,15,Mexico,74,Zumpango,2,San Juan Teotihuacan,92,Teotihuacan,"Teotihuacan, Mexico",Teotihuacan,BOM,TRUE,"TEOTIHUACAN, MEXICO"
192,15,Mexico,75,Texcoco,1,Atenco,93,Tepetlaoxtoc,"Tepetlaoxtoc, Mexico",Tepetlaoxtoc,BOM,TRUE,"TEPETLAOXTOC, MEXICO"
193,15,Mexico,75,Texcoco,7,Atlautla,94,Tepetlixpa,"Tepetlixpa, Mexico",Tepetlixpa,BOM,TRUE,"TEPETLIXPA, MEXICO"
194,15,Mexico,74,Zumpango,3,Cuautitlan,95,Tepotzotlan,"Tepotzotlan, Mexico",Tepotzotlan,BOM,TRUE,"TEPOTZOTLAN, MEXICO"
195,15,Mexico,74,Zumpango,1,Zumpango,96,Tequixquiac,"Tequixquiac, Mexico",Tequixquiac,BOM,TRUE,"TEQUIXQUIAC, MEXICO"
197,15,Mexico,73,Toluca,7,Santiago Tianguistengo,98,Texcalyacac,"Texcalyacac, Mexico",Texcalyacac,Toluca,TRUE,"TEXCALYACAC, MEXICO"
198,15,Mexico,75,Texcoco,2,Texcoco,99,Texcoco,"Texcoco, Mexico",Texcoco,BOM,TRUE,"TEXCOCO, MEXICO"
199,15,Mexico,74,Zumpango,2,San Juan Teotihuacan,100,Tezoyuca,"Tezoyuca, Mexico",Tezoyuca,BOM,TRUE,"TEZOYUCA, MEXICO"
200,15,Mexico,73,Toluca,7,Santiago Tianguistengo,101,Tianguistenco,"Tianguistenco, Mexico",Tianguistenco,Toluca,TRUE,"TIANGUISTENCO, MEXICO"
201,15,Mexico,80,Jilotepec,1,Chapa de Mota,102,Timilpan,"Timilpan, Mexico",Timilpan,North Toluca,TRUE,"TIMILPAN, MEXICO"
202,15,Mexico,75,Texcoco,5,Amecameca,103,Tlalmanalco,"Tlalmanalco, Mexico",Tlalmanalco,BOM,TRUE,"TLALMANALCO, MEXICO"
203,15,Mexico,74,Zumpango,4,Nicolas Romero,104,Tlalnepantla de Baz,"Tlalnepantla de Baz, Mexico",Tlalnepantla de Baz,BOM,TRUE,"TLALNEPANTLA DE BAZ, MEXICO"
205,15,Mexico,73,Toluca,5,Toluca,106,Toluca,"Toluca, Mexico",Toluca,Toluca,TRUE,"TOLUCA, MEXICO"
206,15,Mexico,78,Coatepec Harinas,10,Tonatico,107,Tonatico,"Tonatico, Mexico",Tonatico,Toluca,TRUE,"TONATICO, MEXICO"
207,15,Mexico,74,Zumpango,3,Cuautitlan,108,Tultepec,"Tultepec, Mexico",Tultepec,BOM,TRUE,"TULTEPEC, MEXICO"
208,15,Mexico,74,Zumpango,3,Cuautitlan,109,Tultitlan,"Tultitlan, Mexico",Tultitlan,BOM,TRUE,"TULTITLAN, MEXICO"
211,15,Mexico,80,Jilotepec,1,Chapa de Mota,112,Villa del Carbon,"Villa del Carbon, Mexico",Villa del Carbon,BOM,TRUE,"VILLA DEL CARBON, MEXICO"
212,15,Mexico,78,Coatepec Harinas,9,Villa Guerrero,113,Villa Guerrero,"Villa Guerrero, Mexico",Villa Guerrero,Toluca,TRUE,"VILLA GUERRERO, MEXICO"
213,15,Mexico,79,Valle de Bravo,2,Villa Victoria,114,Villa Victoria,"Villa Victoria, Mexico",Villa Victoria,Toluca,TRUE,"VILLA VICTORIA, MEXICO"
214,15,Mexico,73,Toluca,9,Xonacatlan,115,Xonacatlan,"Xonacatlan, Mexico",Xonacatlan,BOM,TRUE,"XONACATLAN, MEXICO"
217,15,Mexico,73,Toluca,3,Zinacantepec,118,Zinacantepec,"Zinacantepec, Mexico",Zinacantepec,Toluca,TRUE,"ZINACANTEPEC, MEXICO"
218,15,Mexico,78,Coatepec Harinas,2,Tenancingo,119,Zumpahuacan,"Zumpahuacan, Mexico",Zumpahuacan,Toluca,TRUE,"ZUMPAHUACAN, MEXICO"
219,15,Mexico,74,Zumpango,1,Zumpango,120,Zumpango,"Zumpango, Mexico",Zumpango,BOM,TRUE,"ZUMPANGO, MEXICO"
220,15,Mexico,74,Zumpango,3,Cuautitlan,121,Cuautitlan Izcalli,"Cuautitlan Izcalli, Mexico",Cuautitlan Izcalli,BOM,TRUE,
221,15,Mexico,75,Texcoco,4,Chalco,122,Valle de Chalco Solidaridad,"Valle de Chalco Solidaridad, Mexico",Valle de Chalco Solidaridad,BOM,TRUE,
223,15,Mexico,77,Atlacomulco,2,La Trinidad,124,San Jose del Rincon,"San Jose del Rincon, Mexico",San Jose del Rincon,Toluca,TRUE,
224,15,Mexico,74,Zumpango,1,Zumpango,125,Tonanitla,"Tonanitla, Mexico",Tonanitla,BOM,TRUE,
226,17,Morelos,94,Zacatepec-Galeana,4,Yautepec,2,Atlatlahucan,"Atlatlahucan, Morelos",Atlatlahucan,Northern Morelos,TRUE,"ATLATLAHUCAN, MORELOS"
228,17,Morelos,94,Zacatepec-Galeana,6,Cuautla,4,Ayala,"Ayala, Morelos",Ayala,Northern Morelos,TRUE,"AYALA, MORELOS"
229,17,Morelos,94,Zacatepec-Galeana,2,Alpuyeca,5,Coatlan del Rio,"Coatlan del Rio, Morelos",Coatlan del Rio,Northern Morelos,TRUE,"COATLAN DEL RIO, MORELOS"
230,17,Morelos,94,Zacatepec-Galeana,6,Cuautla,6,Cuautla,"Cuautla, Morelos",Cuautla,Northern Morelos,TRUE,"CUAUTLA, MORELOS"
231,17,Morelos,94,Zacatepec-Galeana,3,Cuernavaca,7,Cuernavaca,"Cuernavaca, Morelos",Cuernavaca,Northern Morelos,TRUE,"CUERNAVACA, MORELOS"
232,17,Morelos,94,Zacatepec-Galeana,2,Alpuyeca,8,Emiliano Zapata,"Emiliano Zapata, Morelos",Emiliano Zapata,Northern Morelos,TRUE,"EMILIANO ZAPATA, MORELOS"
233,17,Morelos,94,Zacatepec-Galeana,4,Yautepec,9,Huitzilac,"Huitzilac, Morelos",Huitzilac,Northern Morelos,TRUE,"HUITZILAC, MORELOS"
234,17,Morelos,94,Zacatepec-Galeana,6,Cuautla,10,Jantetelco,"Jantetelco, Morelos",Jantetelco,Northern Morelos,TRUE,"JANTETELCO, MORELOS"
235,17,Morelos,94,Zacatepec-Galeana,3,Cuernavaca,11,Jiutepec,"Jiutepec, Morelos",Jiutepec,Northern Morelos,TRUE,"JIUTEPEC, MORELOS"
237,17,Morelos,94,Zacatepec-Galeana,6,Cuautla,13,Jonacatepec,"Jonacatepec, Morelos",Jonacatepec,Northern Morelos,TRUE,"JONACATEPEC, MORELOS"
238,17,Morelos,94,Zacatepec-Galeana,2,Alpuyeca,14,Mazatepec,"Mazatepec, Morelos",Mazatepec,Northern Morelos,TRUE,"MAZATEPEC, MORELOS"
239,17,Morelos,94,Zacatepec-Galeana,2,Alpuyeca,15,Miacatlan,"Miacatlan, Morelos",Miacatlan,Northern Morelos,TRUE,"MIACATLAN, MORELOS"
240,17,Morelos,94,Zacatepec-Galeana,5,Tetela del Volcan/Yecapixtla,16,Ocuituco,"Ocuituco, Morelos",Ocuituco,Northern Morelos,TRUE,"OCUITUCO, MORELOS"
242,17,Morelos,94,Zacatepec-Galeana,2,Alpuyeca,18,Temixco,"Temixco, Morelos",Temixco,Northern Morelos,TRUE,"TEMIXCO, MORELOS"
244,17,Morelos,94,Zacatepec-Galeana,4,Yautepec,20,Tepoztlan,"Tepoztlan, Morelos",Tepoztlan,Northern Morelos,TRUE,"TEPOZTLAN, MORELOS"
245,17,Morelos,94,Zacatepec-Galeana,2,Alpuyeca,21,Tetecala,"Tetecala, Morelos",Tetecala,Northern Morelos,TRUE,"TETECALA, MORELOS"
246,17,Morelos,94,Zacatepec-Galeana,5,Tetela del Volcan/Yecapixtla,22,Tetela del Volcan,"Tetela del Volcan, Morelos",Tetela del Volcan,Northern Morelos,TRUE,"TETELA DEL VOLCAN, MORELOS"
247,17,Morelos,94,Zacatepec-Galeana,4,Yautepec,23,Tlalnepantla,"Tlalnepantla, Morelos",Tlalnepantla,Northern Morelos,TRUE,"TLALNEPANTLA, MORELOS"
248,17,Morelos,94,Zacatepec-Galeana,1,Galeana,24,Tlaltizapan de Zapata,"Tlaltizapan de Zapata, Morelos",Tlaltizapan,Northern Morelos,TRUE,"TLALTIZAPAN, MORELOS"
250,17,Morelos,94,Zacatepec-Galeana,4,Yautepec,26,Tlayacapan,"Tlayacapan, Morelos",Tlayacapan,Northern Morelos,TRUE,"TLAYACAPAN, MORELOS"
251,17,Morelos,94,Zacatepec-Galeana,4,Yautepec,27,Totolapan,"Totolapan, Morelos",Totolapan,Northern Morelos,TRUE,"TOTOLAPAN, MORELOS"
252,17,Morelos,94,Zacatepec-Galeana,2,Alpuyeca,28,Xochitepec,"Xochitepec, Morelos",Xochitepec,Northern Morelos,TRUE,"XOCHITEPEC, MORELOS"
253,17,Morelos,94,Zacatepec-Galeana,4,Yautepec,29,Yautepec,"Yautepec, Morelos",Yautepec,Northern Morelos,TRUE,"YAUTEPEC, MORELOS"
254,17,Morelos,94,Zacatepec-Galeana,5,Tetela del Volcan/Yecapixtla,30,Yecapixtla,"Yecapixtla, Morelos",Yecapixtla,Northern Morelos,TRUE,"YECAPIXTLA, MORELOS"
256,17,Morelos,94,Zacatepec-Galeana,5,Tetela del Volcan/Yecapixtla,32,Zacualpan,"Zacualpan, Morelos",Zacualpan de Amilpas,Northern Morelos,TRUE,"ZACUALPAN DE AMILPAS, MORELOS"
257,17,Morelos,94,Zacatepec-Galeana,5,Tetela del Volcan/Yecapixtla,33,Temoac,"Temoac, Morelos",Temoac,Northern Morelos,TRUE,
258,17,Morelos,94,Zacatepec-Galeana,2,Alpuyeca,34,Coatetelco,"Coatetelco, Morelos",,Northern Morelos,TRUE,
260,21,Puebla,115,Cholula,2,Tepeaca,1,Acajete,"Acajete, Puebla",Acajete,Cholula,TRUE,"ACAJETE, PUEBLA"
263,21,Puebla,117,Tecamachalco,3,QUECHOLAC,4,Acatzingo,"Acatzingo, Puebla",Acatzingo,Tecamachalco,TRUE,"ACATZINGO, PUEBLA"
264,21,Puebla,116,Izucar de Matamoros,5,Tepexco,5,Acteopan,"Acteopan, Puebla",Acteopan,Izucar de Matamoros,TRUE,"ACTEOPAN, PUEBLA"
274,21,Puebla,115,Cholula,2,Tepeaca,15,Amozoc,"Amozoc, Puebla",Amozoc,Cholula,TRUE,"AMOZOC, PUEBLA"
278,21,Puebla,115,Cholula,1,Atlixco,19,Atlixco,"Atlixco, Puebla",Atlixco,Cholula,TRUE,"ATLIXCO, PUEBLA"
279,21,Puebla,117,Tecamachalco,1,Tecamachalco,20,Atoyatempan,"Atoyatempan, Puebla",Atoyatempan,Tecamachalco,TRUE,"ATOYATEMPAN, PUEBLA"
281,21,Puebla,116,Izucar de Matamoros,5,Tepexco,22,Atzitzihuacan,"Atzitzihuacan, Puebla",Atzitzihuacan,Izucar de Matamoros,TRUE,"ATZITZIHUACAN, PUEBLA"
285,21,Puebla,115,Cholula,3,Texmelucan,26,Calpan,"Calpan, Puebla",Calpan,Cholula,TRUE,"CALPAN, PUEBLA"
292,21,Puebla,116,Izucar de Matamoros,5,Tepexco,33,Cohuecan,"Cohuecan, Puebla",Cohuecan,Izucar de Matamoros,TRUE,"COHUECAN, PUEBLA"
293,21,Puebla,115,Cholula,3,Texmelucan,34,Coronango,"Coronango, Puebla",Coronango,Cholula,TRUE,"CORONANGO, PUEBLA"
297,21,Puebla,117,Tecamachalco,3,Quecholac,38,Cuapiaxtla de Madero,"Cuapiaxtla de Madero, Puebla",Cuapiaxtla de Madero,Tecamachalco,TRUE,"CUAPIAXTLA DE MADERO, PUEBLA"
299,21,Puebla,115,Cholula,2,Tepeaca,40,Cuautinchan,"Cuautinchan, Puebla",Cuautinchan,Cholula,TRUE,"CUAUTINCHAN, PUEBLA"
300,21,Puebla,115,Cholula,3,Texmelucan,41,Cuautlancingo,"Cuautlancingo, Puebla",Cuautlancingo,Cholula,TRUE,"CUAUTLANCINGO, PUEBLA"
307,21,Puebla,115,Cholula,3,Texmelucan,48,Chiautzingo,"Chiautzingo, Puebla",Chiautzingo,Cholula,TRUE,"CHIAUTZINGO, PUEBLA"
311,21,Puebla,117,Tecamachalco,2,Tepexi de Rodriguez,52,Chigmecatitlan,"Chigmecatitlan, Puebla",Chigmecatitlan,Tecamachalco,TRUE,"CHIGMECATITLAN, PUEBLA"
319,21,Puebla,115,Cholula,3,Texmelucan,60,Domingo Arenas,"Domingo Arenas, Puebla",Domingo Arenas,Cholula,TRUE,"DOMINGO ARENAS, PUEBLA"
321,21,Puebla,116,Izucar de Matamoros,1,Izucar de Matamoros,62,Epatlan,"Epatlan, Puebla",Epatlan,Izucar de Matamoros,TRUE,"EPATLAN, PUEBLA"
324,21,Puebla,117,Tecamachalco,3,QUECHOLAC,65,General Felipe angeles,"General Felipe angeles, Puebla",General Felipe angeles,Tecamachalco,TRUE,"GENERAL FELIPE ANGELES, PUEBLA"
328,21,Puebla,115,Cholula,1,Atlixco,69,Huaquechula,"Huaquechula, Puebla",Huaquechula,Cholula,TRUE,"HUAQUECHULA, PUEBLA"
329,21,Puebla,117,Tecamachalco,2,Tepexi de Rodriguez,70,Huatlatlauca,"Huatlatlauca, Puebla",Huatlatlauca,Tecamachalco,TRUE,"HUATLATLAUCA, PUEBLA"
333,21,Puebla,115,Cholula,3,Texmelucan,74,Huejotzingo,"Huejotzingo, Puebla",Huejotzingo,Cholula,TRUE,"HUEJOTZINGO, PUEBLA"
338,21,Puebla,117,Tecamachalco,1,Tecamachalco,79,Huitziltepec,"Huitziltepec, Puebla",Huitziltepec,Tecamachalco,TRUE,"HUITZILTEPEC, PUEBLA"
349,21,Puebla,115,Cholula,3,Texmelucan,90,Juan C. Bonilla,"Juan C. Bonilla, Puebla",Juan C. Bonilla,Cholula,TRUE,"JUAN C. BONILLA, PUEBLA"
354,21,Puebla,117,Tecamachalco,2,Tepexi de Rodriguez,95,La Magdalena Tlatlauquitepec,"La Magdalena Tlatlauquitepec, Puebla",La Magdalena Tlatlauquitepec,Tecamachalco,TRUE,"LA MAGDALENA TLATLAUQUITEPEC, PUEBLA"
355,21,Puebla,114,Libres,3,Ciudad Serdan,96,Mazapiltepec de Juarez,"Mazapiltepec de Juarez, Puebla",Mazapiltepec de Juarez,Libres,TRUE,"MAZAPILTEPEC DE JUAREZ, PUEBLA"
356,21,Puebla,117,Tecamachalco,3,QUECHOLAC,97,Mixtla,"Mixtla, Puebla",Mixtla,Tecamachalco,TRUE,"MIXTLA, PUEBLA"
357,21,Puebla,117,Tecamachalco,2,Tepexi de Rodriguez,98,Molcaxac,"Molcaxac, Puebla",Molcaxac,Tecamachalco,TRUE,"MOLCAXAC, PUEBLA"
361,21,Puebla,115,Cholula,3,Texmelucan,102,Nealtican,"Nealtican, Puebla",Nealtican,Cholula,TRUE,"NEALTICAN, PUEBLA"
363,21,Puebla,114,Libres,1,Libres,104,Nopalucan,"Nopalucan, Puebla",Nopalucan,Libres,TRUE,"NOPALUCAN, PUEBLA"
365,21,Puebla,115,Cholula,1,Atlixco,106,Ocoyucan,"Ocoyucan, Puebla",Ocoyucan,Cholula,TRUE,"OCOYUCAN, PUEBLA"
373,21,Puebla,115,Cholula,2,Tepeaca,114,Puebla,"Puebla, Puebla",Puebla,Cholula,TRUE,"PUEBLA, PUEBLA"
374,21,Puebla,117,Tecamachalco,3,Quecholac,115,Quecholac,"Quecholac, Puebla",Quecholac,Tecamachalco,TRUE,"QUECHOLAC, PUEBLA"
376,21,Puebla,114,Libres,1,Libres,117,Rafael Lara Grajales,"Rafael Lara Grajales, Puebla",Rafael Lara Grajales,Libres,TRUE,"RAFAEL LARA GRAJALES, PUEBLA"
377,21,Puebla,117,Tecamachalco,3,Quecholac,118,Los Reyes de Juarez,"Los Reyes de Juarez, Puebla",Los Reyes de Juarez,Tecamachalco,TRUE,"LOS REYES DE JUAREZ, PUEBLA"
378,21,Puebla,115,Cholula,3,Texmelucan,119,San Andres Cholula,"San Andres Cholula, Puebla",San Andres Cholula,Cholula,TRUE,"SAN ANDRES CHOLULA, PUEBLA"
380,21,Puebla,116,Izucar de Matamoros,1,Izucar de Matamoros,121,San Diego La Mesa Tochimiltzingo,"San Diego La Mesa Tochimiltzingo, Puebla",San Diego La Mesa Tochimiltzingo,Izucar de Matamoros,TRUE,"SAN DIEGO LA MESA TOCHIMILTZINGO, PUEBLA"
381,21,Puebla,115,Cholula,3,Texmelucan,122,San Felipe Teotlalcingo,"San Felipe Teotlalcingo, Puebla",San Felipe Teotlalcingo,Cholula,TRUE,"SAN FELIPE TEOTLALCINGO, PUEBLA"
384,21,Puebla,115,Cholula,1,Atlixco,125,San Gregorio Atzompa,"San Gregorio Atzompa, Puebla",San Gregorio Atzompa,Cholula,TRUE,"SAN GREGORIO ATZOMPA, PUEBLA"
385,21,Puebla,115,Cholula,3,Texmelucan,126,San Jeronimo Tecuanipan,"San Jeronimo Tecuanipan, Puebla",San Jeronimo Tecuanipan,Cholula,TRUE,"SAN JERONIMO TECUANIPAN, PUEBLA"
387,21,Puebla,114,Libres,1,Libres,128,San Jose Chiapa,"San Jose Chiapa, Puebla",San Jose Chiapa,Libres,TRUE,"SAN JOSE CHIAPA, PUEBLA"
390,21,Puebla,117,Tecamachalco,2,Tepexi de Rodriguez,131,San Juan Atzompa,"San Juan Atzompa, Puebla",San Juan Atzompa,Tecamachalco,TRUE,"SAN JUAN ATZOMPA, PUEBLA"
391,21,Puebla,115,Cholula,3,Texmelucan,132,San Martin Texmelucan,"San Martin Texmelucan, Puebla",San Martin Texmelucan,Cholula,TRUE,"SAN MARTIN TEXMELUCAN, PUEBLA"
392,21,Puebla,116,Izucar de Matamoros,1,Izucar de Matamoros,133,San Martin Totoltepec,"San Martin Totoltepec, Puebla",San Martin Totoltepec,Izucar de Matamoros,TRUE,"SAN MARTIN TOTOLTEPEC, PUEBLA"
393,21,Puebla,115,Cholula,3,Texmelucan,134,San Matias Tlalancaleca,"San Matias Tlalancaleca, Puebla",San Matias Tlalancaleca,Cholula,TRUE,"SAN MATIAS TLALANCALECA, PUEBLA"
395,21,Puebla,115,Cholula,3,Texmelucan,136,San Miguel Xoxtla,"San Miguel Xoxtla, Puebla",San Miguel Xoxtla,Cholula,TRUE,"SAN MIGUEL XOXTLA, PUEBLA"
397,21,Puebla,115,Cholula,3,Texmelucan,138,San Nicolas de Los Ranchos,"San Nicolas de Los Ranchos, Puebla",San Nicolas de los Ranchos,Cholula,TRUE,"SAN NICOLAS DE LOS RANCHOS, PUEBLA"
399,21,Puebla,115,Cholula,3,Texmelucan,140,San Pedro Cholula,"San Pedro Cholula, Puebla",San Pedro Cholula,Cholula,TRUE,"SAN PEDRO CHOLULA, PUEBLA"
402,21,Puebla,115,Cholula,3,Texmelucan,143,San Salvador El Verde,"San Salvador El Verde, Puebla",San Salvador el Verde,Cholula,TRUE,"SAN SALVADOR EL VERDE, PUEBLA"
403,21,Puebla,117,Tecamachalco,3,QUECHOLAC,144,San Salvador Huixcolotla,"San Salvador Huixcolotla, Puebla",San Salvador Huixcolotla,Tecamachalco,TRUE,"SAN SALVADOR HUIXCOLOTLA, PUEBLA"
405,21,Puebla,117,Tecamachalco,2,Tepexi de Rodriguez,146,Santa Catarina Tlaltempan,"Santa Catarina Tlaltempan, Puebla",Santa Catarina Tlaltempan,Tecamachalco,TRUE,"SANTA CATARINA TLALTEMPAN, PUEBLA"
407,21,Puebla,115,Cholula,1,Atlixco,148,Santa Isabel Cholula,"Santa Isabel Cholula, Puebla",Santa Isabel Cholula,Cholula,TRUE,"SANTA ISABEL CHOLULA, PUEBLA"
409,21,Puebla,116,Izucar de Matamoros,1,Izucar de Matamoros,150,Huehuetlan El Grande,"Huehuetlan El Grande, Puebla",Huehuetlan el Grande,Izucar de Matamoros,TRUE,"HUEHUETLAN EL GRANDE, PUEBLA"
410,21,Puebla,117,Tecamachalco,3,QUECHOLAC,151,Santo Tomas Hueyotlipan,"Santo Tomas Hueyotlipan, Puebla",Santo Tomas Hueyotlipan,Tecamachalco,TRUE,"SANTO TOMAS HUEYOTLIPAN, PUEBLA"
411,21,Puebla,114,Libres,3,Ciudad Serdan,152,Soltepec,"Soltepec, Puebla",Soltepec,Libres,TRUE,"SOLTEPEC, PUEBLA"
412,21,Puebla,115,Cholula,2,Tepeaca,153,Tecali de Herrera,"Tecali de Herrera, Puebla",Tecali de Herrera,Cholula,TRUE,"TECALI DE HERRERA, PUEBLA"
413,21,Puebla,117,Tecamachalco,1,Tecamachalco,154,Tecamachalco,"Tecamachalco, Puebla",Tecamachalco,Tecamachalco,TRUE,"TECAMACHALCO, PUEBLA"
418,21,Puebla,116,Izucar de Matamoros,1,Izucar de Matamoros,159,Teopantlan,"Teopantlan, Puebla",Teopantlan,Izucar de Matamoros,TRUE,"TEOPANTLAN, PUEBLA"
422,21,Puebla,115,Cholula,2,Tepeaca,163,Tepatlaxco de Hidalgo,"Tepatlaxco de Hidalgo, Puebla",Tepatlaxco de Hidalgo,Cholula,TRUE,"TEPATLAXCO DE HIDALGO, PUEBLA"
423,21,Puebla,115,Cholula,2,Tepeaca,164,Tepeaca,"Tepeaca, Puebla",Tepeaca,Cholula,TRUE,"TEPEACA, PUEBLA"
424,21,Puebla,116,Izucar de Matamoros,5,Tepexco,165,Tepemaxalco,"Tepemaxalco, Puebla",Tepemaxalco,Izucar de Matamoros,TRUE,"TEPEMAXALCO, PUEBLA"
425,21,Puebla,116,Izucar de Matamoros,1,Izucar de Matamoros,166,Tepeojuma,"Tepeojuma, Puebla",Tepeojuma,Izucar de Matamoros,TRUE,"TEPEOJUMA, PUEBLA"
427,21,Puebla,116,Izucar de Matamoros,5,Tepexco,168,Tepexco,"Tepexco, Puebla",Tepexco,Izucar de Matamoros,TRUE,"TEPEXCO, PUEBLA"
430,21,Puebla,117,Tecamachalco,1,Tecamachalco,171,Tepeyahualco de Cuauhtemoc,"Tepeyahualco de Cuauhtemoc, Puebla",Tepeyahualco de Cuauhtemoc,Tecamachalco,TRUE,"TEPEYAHUALCO DE CUAUHTEMOC, PUEBLA"
434,21,Puebla,115,Cholula,1,Atlixco,175,Tianguismanalco,"Tianguismanalco, Puebla",Tianguismanalco,Cholula,TRUE,"TIANGUISMANALCO, PUEBLA"
435,21,Puebla,116,Izucar de Matamoros,5,Tepexco,176,Tilapa,"Tilapa, Puebla",Tilapa,Izucar de Matamoros,TRUE,"TILAPA, PUEBLA"
439,21,Puebla,115,Cholula,3,Texmelucan,180,Tlahuapan,"Tlahuapan, Puebla",Tlahuapan,Cholula,TRUE,"TLAHUAPAN, PUEBLA"
440,21,Puebla,115,Cholula,3,Texmelucan,181,Tlaltenango,"Tlaltenango, Puebla",Tlaltenango,Cholula,TRUE,"TLALTENANGO, PUEBLA"
441,21,Puebla,117,Tecamachalco,1,Tecamachalco,182,Tlanepantla,"Tlanepantla, Puebla",Tlanepantla,Tecamachalco,TRUE,"TLANEPANTLA, PUEBLA"
444,21,Puebla,116,Izucar de Matamoros,5,Tepexco,185,Tlapanala,"Tlapanala, Puebla",Tlapanala,Izucar de Matamoros,TRUE,"TLAPANALA, PUEBLA"
447,21,Puebla,115,Cholula,1,Atlixco,188,Tochimilco,"Tochimilco, Puebla",Tochimilco,Cholula,TRUE,"TOCHIMILCO, PUEBLA"
448,21,Puebla,117,Tecamachalco,1,Tecamachalco,189,Tochtepec,"Tochtepec, Puebla",Tochtepec,Tecamachalco,TRUE,"TOCHTEPEC, PUEBLA"
452,21,Puebla,115,Cholula,2,Tepeaca,193,Tzicatlacoyan,"Tzicatlacoyan, Puebla",Tzicatlacoyan,Cholula,TRUE,"TZICATLACOYAN, PUEBLA"
460,21,Puebla,116,Izucar de Matamoros,1,Izucar de Matamoros,201,Xochiltepec,"Xochiltepec, Puebla",Xochiltepec,Izucar de Matamoros,TRUE,"XOCHILTEPEC, PUEBLA"
462,21,Puebla,117,Tecamachalco,1,Tecamachalco,203,Xochitlan Todos Santos,"Xochitlan Todos Santos, Puebla",Xochitlan Todos Santos,Tecamachalco,TRUE,"XOCHITLAN TODOS SANTOS, PUEBLA"
464,21,Puebla,117,Tecamachalco,1,Tecamachalco,205,Yehualtepec,"Yehualtepec, Puebla",Yehualtepec,Tecamachalco,TRUE,"YEHUALTEPEC, PUEBLA"
477,29,Tlaxcala,164,Tlaxcala,1,Aguanaja,1,Amaxac de Guerrero,"Amaxac de Guerrero, Tlaxcala",Amaxac de Guerrero,Tlaxcala,TRUE,"AMAXAC DE GUERRERO, TLAXCALA"
478,29,Tlaxcala,164,Tlaxcala,1,Aguanaja,2,Apetatitlan de Antonio Carvajal,"Apetatitlan de Antonio Carvajal, Tlaxcala",Apetatitlan de Antonio Carvajal,Tlaxcala,TRUE,"APETATITLAN DE ANTONIO CARVAJAL, TLAXCALA"
479,29,Tlaxcala,165,Calpulalpan,4,Tlaxco,3,Atlangatepec,"Atlangatepec, Tlaxcala",Atlangatepec,Calpulalpan,TRUE,"ATLANGATEPEC, TLAXCALA"
480,29,Tlaxcala,166,Huamantla,2,Cuapiaxtla,4,Atltzayanca,"Atltzayanca, Tlaxcala",Altzayanca,Huamantla,TRUE,"ATLTZAYANCA, TLAXCALA"
481,29,Tlaxcala,165,Calpulalpan,3,Apizaco,5,Apizaco,"Apizaco, Tlaxcala",Apizaco,Calpulalpan,TRUE,"APIZACO, TLAXCALA"
482,29,Tlaxcala,165,Calpulalpan,1,Calpulalpan,6,Calpulalpan,"Calpulalpan, Tlaxcala",Calpulalpan,Calpulalpan,TRUE,"CALPULALPAN, TLAXCALA"
483,29,Tlaxcala,166,Huamantla,2,Cuapiaxtla,7,El Carmen Tequexquitla,"El Carmen Tequexquitla, Tlaxcala",El Carmen Tequexquitla,Huamantla,TRUE,"EL CARMEN TEQUEXQUITLA, TLAXCALA"
484,29,Tlaxcala,166,Huamantla,2,Cuapiaxtla,8,Cuapiaxtla,"Cuapiaxtla, Tlaxcala",Cuapiaxtla,Huamantla,TRUE,"CUAPIAXTLA, TLAXCALA"
485,29,Tlaxcala,164,Tlaxcala,1,Aguanaja,9,Cuaxomulco,"Cuaxomulco, Tlaxcala",Cuaxomulco,Tlaxcala,TRUE,"CUAXOMULCO, TLAXCALA"
486,29,Tlaxcala,164,Tlaxcala,1,Aguanaja,10,Chiautempan,"Chiautempan, Tlaxcala",Chiautempan,Tlaxcala,TRUE,"CHIAUTEMPAN, TLAXCALA"
487,29,Tlaxcala,165,Calpulalpan,3,Apizaco,11,Munoz de Domingo Arenas,"Munoz de Domingo Arenas, Tlaxcala",Muñoz de Domingo Arenas,Calpulalpan,TRUE,"MUNOZ DE DOMINGO ARENAS, TLAXCALA"
488,29,Tlaxcala,165,Calpulalpan,2,Hueyotlipan,12,Espanita,"Espanita, Tlaxcala",Españita,Calpulalpan,TRUE,"ESPANITA, TLAXCALA"
489,29,Tlaxcala,166,Huamantla,1,Huamantla,13,Huamantla,"Huamantla, Tlaxcala",Huamantla,Huamantla,TRUE,"HUAMANTLA, TLAXCALA"
490,29,Tlaxcala,165,Calpulalpan,2,Hueyotlipan,14,Hueyotlipan,"Hueyotlipan, Tlaxcala",Hueyotlipan,Calpulalpan,TRUE,"HUEYOTLIPAN, TLAXCALA"
491,29,Tlaxcala,164,Tlaxcala,3,Nativitas/Ixtacuixtla,15,Ixtacuixtla de Mariano Matamoros,"Ixtacuixtla de Mariano Matamoros, Tlaxcala",Ixtacuixtla de Mariano Matamoros,Tlaxcala,TRUE,"IXTACUIXTLA DE MARIANO MATAMOROS, TLAXCALA"
492,29,Tlaxcala,166,Huamantla,1,Huamantla,16,Ixtenco,"Ixtenco, Tlaxcala",Ixtenco,Huamantla,TRUE,"IXTENCO, TLAXCALA"
493,29,Tlaxcala,164,Tlaxcala,2,Zacatelco,17,Mazatecochco de Jose Maria Morelos,"Mazatecochco de Jose Maria Morelos, Tlaxcala",Mazatecochco de Jose Maria Morelos,Tlaxcala,TRUE,"MAZATECOCHCO DE JOSE MARIA MORELOS, TLAXCALA"
494,29,Tlaxcala,164,Tlaxcala,1,Aguanaja,18,Contla de Juan Cuamatzi,"Contla de Juan Cuamatzi, Tlaxcala",Contla de Juan Cuamatzi,Tlaxcala,TRUE,"CONTLA DE JUAN CUAMATZI, TLAXCALA"
495,29,Tlaxcala,164,Tlaxcala,3,Nativitas/Ixtacuixtla,19,Tepetitla de Lardizabal,"Tepetitla de Lardizabal, Tlaxcala",Tepetitla de Lardizabal,Tlaxcala,TRUE,"TEPETITLA DE LARDIZABAL, TLAXCALA"
496,29,Tlaxcala,165,Calpulalpan,1,Calpulalpan,20,Sanctorum de Lazaro Cardenas,"Sanctorum de Lazaro Cardenas, Tlaxcala",Sanctorum de Lazaro Cardenas,Calpulalpan,TRUE,"SANCTORUM DE LAZARO CARDENAS, TLAXCALA"
497,29,Tlaxcala,165,Calpulalpan,1,Calpulalpan,21,Nanacamilpa de Mariano Arista,"Nanacamilpa de Mariano Arista, Tlaxcala",Nanacamilpa de Mariano Arista,Calpulalpan,TRUE,"NANACAMILPA DE MARIANO ARISTA, TLAXCALA"
498,29,Tlaxcala,164,Tlaxcala,2,Zacatelco,22,Acuamanala de Miguel Hidalgo,"Acuamanala de Miguel Hidalgo, Tlaxcala",Acuamanala de Miguel Hidalgo,Tlaxcala,TRUE,"ACUAMANALA DE MIGUEL HIDALGO, TLAXCALA"
499,29,Tlaxcala,164,Tlaxcala,3,Nativitas/Ixtacuixtla,23,Nativitas,"Nativitas, Tlaxcala",Nativitas,Tlaxcala,TRUE,"NATIVITAS, TLAXCALA"
500,29,Tlaxcala,164,Tlaxcala,3,Nativitas/Ixtacuixtla,24,Panotla,"Panotla, Tlaxcala",Panotla,Tlaxcala,TRUE,"PANOTLA, TLAXCALA"
501,29,Tlaxcala,164,Tlaxcala,2,Zacatelco,25,San Pablo del Monte,"San Pablo del Monte, Tlaxcala",San Pablo del Monte,Tlaxcala,TRUE,"SAN PABLO DEL MONTE, TLAXCALA"
502,29,Tlaxcala,164,Tlaxcala,1,Aguanaja,26,Santa Cruz Tlaxcala,"Santa Cruz Tlaxcala, Tlaxcala",Santa Cruz Tlaxcala,Tlaxcala,TRUE,"SANTA CRUZ TLAXCALA, TLAXCALA"
503,29,Tlaxcala,164,Tlaxcala,2,Zacatelco,27,Tenancingo,"Tenancingo, Tlaxcala",Tenancingo,Tlaxcala,TRUE,"TOCATLAN, TLAXCALA"
504,29,Tlaxcala,164,Tlaxcala,1,Aguanaja,28,Teolocholco,"Teolocholco, Tlaxcala",Teolocholco,Tlaxcala,TRUE,"TENANCINGO, TLAXCALA"
505,29,Tlaxcala,164,Tlaxcala,2,Zacatelco,29,Tepeyanco,"Tepeyanco, Tlaxcala",Tepeyanco,Tlaxcala,TRUE,"TEOLOCHOLCO, TLAXCALA"
506,29,Tlaxcala,166,Huamantla,3,Teometitlan/Velazco,30,Terrenate,"Terrenate, Tlaxcala",Terrenate,Huamantla,TRUE,"TEPEYANCO, TLAXCALA"
507,29,Tlaxcala,165,Calpulalpan,3,Apizaco,31,Tetla de La Solidaridad,"Tetla de La Solidaridad, Tlaxcala",Tetla de la Solidaridad,Calpulalpan,TRUE,"TERRENATE, TLAXCALA"
508,29,Tlaxcala,164,Tlaxcala,3,Nativitas/Ixtacuixtla,32,Tetlatlahuca,"Tetlatlahuca, Tlaxcala",Tetlatlahuca,Tlaxcala,TRUE,"TETLA DE LA SOLIDARIDAD, TLAXCALA"
509,29,Tlaxcala,164,Tlaxcala,3,Nativitas/Ixtacuixtla,33,Tlaxcala,"Tlaxcala, Tlaxcala",Tlaxcala,Tlaxcala,TRUE,"TETLATLAHUCA, TLAXCALA"
510,29,Tlaxcala,165,Calpulalpan,4,Tlaxco,34,Tlaxco,"Tlaxco, Tlaxcala",Tlaxco,Calpulalpan,TRUE,"TLAXCALA, TLAXCALA"
511,29,Tlaxcala,166,Huamantla,3,Teometitlan/Velazco,35,Tocatlan,"Tocatlan, Tlaxcala",Tocatlan,Huamantla,TRUE,"TLAXCO, TLAXCALA"
512,29,Tlaxcala,164,Tlaxcala,3,Nativitas/Ixtacuixtla,36,Totolac,"Totolac, Tlaxcala",Totolac,Tlaxcala,TRUE,"TOTOLAC, TLAXCALA"
513,29,Tlaxcala,166,Huamantla,1,Huamantla,37,Ziltlaltepec de Trinidad Sanchez Santos,"Ziltlaltepec de Trinidad Sanchez Santos, Tlaxcala",Zitlaltepec de Trinidad Sanchez Santos,Huamantla,TRUE,"ZILTLALTEPEC DE TRINIDAD SANCHEZ SANTOS, TLAXCALA"
514,29,Tlaxcala,166,Huamantla,3,Teometitlan/Velazco,38,Tzompantepec,"Tzompantepec, Tlaxcala",Tzompantepec,Huamantla,TRUE,"TZOMPANTEPEC, TLAXCALA"
515,29,Tlaxcala,166,Huamantla,3,Teometitlan/Velazco,39,Xaloztoc,"Xaloztoc, Tlaxcala",Xaloztoc,Huamantla,TRUE,"XALOZTOC, TLAXCALA"
516,29,Tlaxcala,164,Tlaxcala,1,Aguanaja,40,Xaltocan,"Xaltocan, Tlaxcala",Xaltocan,Tlaxcala,TRUE,"XALTOCAN, TLAXCALA"
517,29,Tlaxcala,164,Tlaxcala,2,Zacatelco,41,Papalotla de Xicohtencatl,"Papalotla de Xicohtencatl, Tlaxcala",Papalotla de Xicohtencatl,Tlaxcala,TRUE,"PAPALOTLA DE XICOHTENCATL, TLAXCALA"
518,29,Tlaxcala,164,Tlaxcala,2,Zacatelco,42,Xicohtzinco,"Xicohtzinco, Tlaxcala",Xicohtzinco,Tlaxcala,TRUE,"XICOHTZINCO, TLAXCALA"
519,29,Tlaxcala,164,Tlaxcala,1,Aguanaja,43,Yauhquemehcan,"Yauhquemehcan, Tlaxcala",Yauhquemecan,Tlaxcala,TRUE,"YAUHQUEMEHCAN, TLAXCALA"
520,29,Tlaxcala,164,Tlaxcala,2,Zacatelco,44,Zacatelco,"Zacatelco, Tlaxcala",Zacatelco,Tlaxcala,TRUE,"ZACATELCO, TLAXCALA"
521,29,Tlaxcala,165,Calpulalpan,1,Calpulalpan,45,Benito Juarez,"Benito Juarez, Tlaxcala",Benito Juarez,Calpulalpan,TRUE,
522,29,Tlaxcala,166,Huamantla,3,Teometitlan/Velazco,46,Emiliano Zapata,"Emiliano Zapata, Tlaxcala",Emiliano Zapata,Huamantla,TRUE,
523,29,Tlaxcala,166,Huamantla,3,Teometitlan/Velazco,47,Lazaro Cardenas,"Lazaro Cardenas, Tlaxcala",Lazaro Cardenas,Huamantla,TRUE,
524,29,Tlaxcala,164,Tlaxcala,1,Aguanaja,48,La Magdalena Tlaltelulco,"La Magdalena Tlaltelulco, Tlaxcala",La Magdalena Tlaltelulco,Tlaxcala,TRUE,
525,29,Tlaxcala,164,Tlaxcala,3,Nativitas/Ixtacuixtla,49,San Damian Texoloc,"San Damian Texoloc, Tlaxcala",San Damian Texoloc,Tlaxcala,TRUE,
526,29,Tlaxcala,164,Tlaxcala,1,Aguanaja,50,San Francisco Tetlanohcan,"San Francisco Tetlanohcan, Tlaxcala",San Francisco Tetlanohcan,Tlaxcala,TRUE,
527,29,Tlaxcala,164,Tlaxcala,3,Nativitas/Ixtacuixtla,51,San Jeronimo Zacualpan,"San Jeronimo Zacualpan, Tlaxcala",San Jeronimo Zacualpan,Tlaxcala,TRUE,
528,29,Tlaxcala,166,Huamantla,3,Teometitlan/Velazco,52,San Jose Teacalco,"San Jose Teacalco, Tlaxcala",San Jose Teacalco,Huamantla,TRUE,
529,29,Tlaxcala,164,Tlaxcala,2,Zacatelco,53,San Juan Huactzinco,"San Juan Huactzinco, Tlaxcala",San Juan Huactzinco,Tlaxcala,TRUE,
530,29,Tlaxcala,164,Tlaxcala,2,Zacatelco,54,San Lorenzo Axocomanitla,"San Lorenzo Axocomanitla, Tlaxcala",San Lorenzo Axocomanitla,Tlaxcala,TRUE,
531,29,Tlaxcala,164,Tlaxcala,1,Aguanaja,55,San Lucas Tecopilco,"San Lucas Tecopilco, Tlaxcala",San Lucas Tecopilco,Tlaxcala,TRUE,
532,29,Tlaxcala,164,Tlaxcala,3,Nativitas/Ixtacuixtla,56,Santa Ana Nopalucan,"Santa Ana Nopalucan, Tlaxcala",Santa Ana Nopalucan,Tlaxcala,TRUE,
533,29,Tlaxcala,164,Tlaxcala,3,Nativitas/Ixtacuixtla,57,Santa Apolonia Teacalco,"Santa Apolonia Teacalco, Tlaxcala",Santa Apolonia Teacalco,Tlaxcala,TRUE,
534,29,Tlaxcala,164,Tlaxcala,2,Zacatelco,58,Santa Catarina Ayometla,"Santa Catarina Ayometla, Tlaxcala",Santa Catarina Ayometla,Tlaxcala,TRUE,
535,29,Tlaxcala,164,Tlaxcala,2,Zacatelco,59,Santa Cruz Quilehtla,"Santa Cruz Quilehtla, Tlaxcala",Santa Cruz Quilehtla,Tlaxcala,TRUE,
536,29,Tlaxcala,164,Tlaxcala,2,Zacatelco,60,Santa Isabel Xiloxoxtla,"Santa Isabel Xiloxoxtla, Tlaxcala",Santa Isabel Xiloxoxtla,Tlaxcala,TRUE,
17,13,Hidalgo,61,Tulancingo,1,Tulancingo,1,Acatlan,"Acatlan, Hidalgo",Acatlan,,FALSE,"ACATLAN, HIDALGO"
18,13,Hidalgo,61,Tulancingo,1,Tulancingo,2,Acaxochitlan,"Acaxochitlan, Hidalgo",Acaxochitlan,,FALSE,"ACAXOCHITLAN, HIDALGO"
19,13,Hidalgo,63,Mixquiahuala,4,Actopan,3,Actopan,"Actopan, Hidalgo",Actopan,,FALSE,"ACTOPAN, HIDALGO"
20,13,Hidalgo,61,Tulancingo,2,San Bartolo Tutotepec,4,Agua Blanca de Iturbide,"Agua Blanca de Iturbide, Hidalgo",Agua Blanca de Iturbide,,FALSE,"AGUA BLANCA DE ITURBIDE, HIDALGO"
22,13,Hidalgo,63,Mixquiahuala,1,Alfajayucan,6,Alfajayucan,"Alfajayucan, Hidalgo",Alfajayucan,,FALSE,"ALFAJAYUCAN, HIDALGO"
25,13,Hidalgo,63,Mixquiahuala,4,Actopan,9,El Arenal,"El Arenal, Hidalgo",El Arenal,,FALSE,"EL ARENAL, HIDALGO"
27,13,Hidalgo,59,Huejutla,2,Atlapexco,11,Atlapexco,"Atlapexco, Hidalgo",Atlapexco,,FALSE,"ATLAPEXCO, HIDALGO"
28,13,Hidalgo,62,Pachuca,2,Atotonilco,12,Atotonilco El Grande,"Atotonilco El Grande, Hidalgo",Atotonilco el Grande,,FALSE,"ATOTONILCO EL GRANDE, HIDALGO"
30,13,Hidalgo,60,Zacualtipan,3,Tlanchinol,14,Calnali,"Calnali, Hidalgo",Calnali,,FALSE,"CALNALI, HIDALGO"
31,13,Hidalgo,63,Mixquiahuala,2,Ixmiquilpan,15,Cardonal,"Cardonal, Hidalgo",Cardonal,,FALSE,"CARDONAL, HIDALGO"
32,13,Hidalgo,61,Tulancingo,1,Tulancingo,16,Cuautepec de Hinojosa,"Cuautepec de Hinojosa, Hidalgo",Cuautepec de Hinojosa,,FALSE,"CUAUTEPEC DE HINOJOSA, HIDALGO"
33,13,Hidalgo,64,Huichapan,3,Huichapan,17,Chapantongo,"Chapantongo, Hidalgo",Chapantongo,,FALSE,"CHAPANTONGO, HIDALGO"
34,13,Hidalgo,64,Huichapan,1,Chapulhuacan,18,Chapulhuacan,"Chapulhuacan, Hidalgo",Chapulhuacan,,FALSE,"CHAPULHUACAN, HIDALGO"
35,13,Hidalgo,63,Mixquiahuala,3,Chilcuautla,19,Chilcuautla,"Chilcuautla, Hidalgo",Chilcuautla,,FALSE,"CHILCUAUTLA, HIDALGO"
36,13,Hidalgo,60,Zacualtipan,1,Molango,20,Eloxochitlan,"Eloxochitlan, Hidalgo",Eloxochitlan,,FALSE,"ELOXOCHITLAN, HIDALGO"
40,13,Hidalgo,62,Pachuca,2,Atotonilco,24,Huasca de Ocampo,"Huasca de Ocampo, Hidalgo",Huasca de Ocampo,,FALSE,"HUASCA DE OCAMPO, HIDALGO"
41,13,Hidalgo,59,Huejutla,2,Atlapexco,25,Huautla,"Huautla, Hidalgo",Huautla,,FALSE,"HUAUTLA, HIDALGO"
42,13,Hidalgo,59,Huejutla,1,Huejutla,26,Huazalingo,"Huazalingo, Hidalgo",Huazalingo,,FALSE,"HUAZALINGO, HIDALGO"
43,13,Hidalgo,61,Tulancingo,2,San Bartolo Tutotepec,27,Huehuetla,"Huehuetla, Hidalgo",Huehuetla,,FALSE,"HUEHUETLA, HIDALGO"
44,13,Hidalgo,59,Huejutla,1,Huejutla,28,Huejutla de Reyes,"Huejutla de Reyes, Hidalgo",Huejutla de Reyes,,FALSE,"HUEJUTLA DE REYES, HIDALGO"
45,13,Hidalgo,64,Huichapan,3,Huichapan,29,Huichapan,"Huichapan, Hidalgo",Huichapan,,FALSE,"HUICHAPAN, HIDALGO"
46,13,Hidalgo,63,Mixquiahuala,2,Ixmiquilpan,30,Ixmiquilpan,"Ixmiquilpan, Hidalgo",Ixmiquilpan,,FALSE,"IXMIQUILPAN, HIDALGO"
47,13,Hidalgo,64,Huichapan,1,Chapulhuacan,31,Jacala de Ledezma,"Jacala de Ledezma, Hidalgo",Jacala de Ledezma,,FALSE,"JACALA DE LEDEZMA, HIDALGO"
48,13,Hidalgo,59,Huejutla,3,Orizatlan,32,Jaltocan,"Jaltocan, Hidalgo",Jaltocan,,FALSE,"JALTOCAN, HIDALGO"
49,13,Hidalgo,60,Zacualtipan,1,Molango,33,Juarez Hidalgo,"Juarez Hidalgo, Hidalgo",Juarez Hidalgo,,FALSE,"JUAREZ HIDALGO, HIDALGO"
50,13,Hidalgo,60,Zacualtipan,3,Tlanchinol,34,Lolotla,"Lolotla, Hidalgo",Lolotla,,FALSE,"LOLOTLA, HIDALGO"
51,13,Hidalgo,61,Tulancingo,2,San Bartolo Tutotepec,35,Metepec,"Metepec, Hidalgo",Metepec,,FALSE,"METEPEC, HIDALGO"
52,13,Hidalgo,60,Zacualtipan,4,Zacualtipan,36,San Agustin Metzquititlan,"San Agustin Metzquititlan, Hidalgo",San Agustin Metzquititlan,,FALSE,"SAN AGUSTIN METZQUITITLAN, HIDALGO"
53,13,Hidalgo,60,Zacualtipan,2,Metztitlan,37,Metztitlan,"Metztitlan, Hidalgo",Metztitlan,,FALSE,"METZTITLAN, HIDALGO"
54,13,Hidalgo,62,Pachuca,2,Atotonilco,38,Mineral del Chico,"Mineral del Chico, Hidalgo",Mineral del Chico,,FALSE,"MINERAL DEL CHICO, HIDALGO"
56,13,Hidalgo,64,Huichapan,1,Chapulhuacan,40,La Mision,"La Mision, Hidalgo",La Mision,,FALSE,"LA MISION, HIDALGO"
58,13,Hidalgo,60,Zacualtipan,1,Molango,42,Molango de Escamilla,"Molango de Escamilla, Hidalgo",Molango de Escamilla,,FALSE,"MOLANGO DE ESCAMILLA, HIDALGO"
59,13,Hidalgo,64,Huichapan,2,Zimapan,43,Nicolas Flores,"Nicolas Flores, Hidalgo",Nicolas Flores,,FALSE,"NICOLAS FLORES, HIDALGO"
60,13,Hidalgo,64,Huichapan,3,Huichapan,44,Nopala de Villagran,"Nopala de Villagran, Hidalgo",Nopala de Villagran,,FALSE,"NOPALA DE VILLAGRAN, HIDALGO"
61,13,Hidalgo,62,Pachuca,2,Atotonilco,45,Omitlan de Juarez,"Omitlan de Juarez, Hidalgo",Omitlan de Juarez,,FALSE,"OMITLAN DE JUAREZ, HIDALGO"
62,13,Hidalgo,59,Huejutla,3,Orizatlan,46,San Felipe Orizatlan,"San Felipe Orizatlan, Hidalgo",San Felipe Orizatlan,,FALSE,"SAN FELIPE ORIZATLAN, HIDALGO"
63,13,Hidalgo,64,Huichapan,2,Zimapan,47,Pacula,"Pacula, Hidalgo",Pacula,,FALSE,"PACULA, HIDALGO"
65,13,Hidalgo,64,Huichapan,1,Chapulhuacan,49,Pisaflores,"Pisaflores, Hidalgo",Pisaflores,,FALSE,"PISAFLORES, HIDALGO"
66,13,Hidalgo,63,Mixquiahuala,5,Mixquiahuala,50,Progreso de Obregon,"Progreso de Obregon, Hidalgo",Progreso de Obregon,,FALSE,
69,13,Hidalgo,61,Tulancingo,2,San Bartolo Tutotepec,53,San Bartolo Tutotepec,"San Bartolo Tutotepec, Hidalgo",San Bartolo Tutotepec,,FALSE,"SAN BARTOLO TUTOTEPEC, HIDALGO"
70,13,Hidalgo,63,Mixquiahuala,4,Actopan,54,San Salvador,"San Salvador, Hidalgo",San Salvador,,FALSE,"SAN SALVADOR, HIDALGO"
71,13,Hidalgo,63,Mixquiahuala,4,Actopan,55,Santiago de Anaya,"Santiago de Anaya, Hidalgo",Santiago de Anaya,,FALSE,"SANTIAGO DE ANAYA, HIDALGO"
72,13,Hidalgo,61,Tulancingo,1,Tulancingo,56,Santiago Tulantepec de Lugo Guerrero,"Santiago Tulantepec de Lugo Guerrero, Hidalgo",Santiago Tulantepec de Lugo Guerrero,,FALSE,"SANTIAGO TULANTEPEC DE LUGO GUERRERO, HIDALGO"
74,13,Hidalgo,63,Mixquiahuala,2,Ixmiquilpan,58,Tasquillo,"Tasquillo, Hidalgo",Tasquillo,,FALSE,"TASQUILLO, HIDALGO"
75,13,Hidalgo,64,Huichapan,3,Huichapan,59,Tecozautla,"Tecozautla, Hidalgo",Tecozautla,,FALSE,"TECOZAUTLA, HIDALGO"
76,13,Hidalgo,61,Tulancingo,2,San Bartolo Tutotepec,60,Tenango de Doria,"Tenango de Doria, Hidalgo",Tenango de Doria,,FALSE,"TENANGO DE DORIA, HIDALGO"
78,13,Hidalgo,60,Zacualtipan,3,Tlanchinol,62,Tepehuacan de Guerrero,"Tepehuacan de Guerrero, Hidalgo",Tepehuacan de Guerrero,,FALSE,"TEPEHUACAN DE GUERRERO, HIDALGO"
84,13,Hidalgo,60,Zacualtipan,4,Zacualtipan,68,Tianguistengo,"Tianguistengo, Hidalgo",Tianguistengo,,FALSE,"TIANGUISTENGO, HIDALGO"
87,13,Hidalgo,60,Zacualtipan,1,Molango,71,Tlahuiltepa,"Tlahuiltepa, Hidalgo",Tlahuiltepa,,FALSE,"TLAHUILTEPA, HIDALGO"
89,13,Hidalgo,60,Zacualtipan,3,Tlanchinol,73,Tlanchinol,"Tlanchinol, Hidalgo",Tlanchinol,,FALSE,"TLANCHINOL, HIDALGO"
93,13,Hidalgo,61,Tulancingo,1,Tulancingo,77,Tulancingo de Bravo,"Tulancingo de Bravo, Hidalgo",Tulancingo de Bravo,,FALSE,"TULANCINGO DE BRAVO, HIDALGO"
94,13,Hidalgo,59,Huejutla,2,Atlapexco,78,Xochiatipan,"Xochiatipan, Hidalgo",Xochiatipan,,FALSE,"XOCHIATIPAN, HIDALGO"
95,13,Hidalgo,60,Zacualtipan,1,Molango,79,Xochicoatlan,"Xochicoatlan, Hidalgo",Xochicoatlan,,FALSE,"XOCHICOATLAN, HIDALGO"
96,13,Hidalgo,59,Huejutla,2,Atlapexco,80,Yahualica,"Yahualica, Hidalgo",Yahualica,,FALSE,"YAHUALICA, HIDALGO"
97,13,Hidalgo,60,Zacualtipan,4,Zacualtipan,81,Zacualtipan de angeles,"Zacualtipan de angeles, Hidalgo",Zacualtipan de angeles,,FALSE,"ZACUALTIPAN DE ANGELES, HIDALGO"
100,13,Hidalgo,64,Huichapan,2,Zimapan,84,Zimapan,"Zimapan, Hidalgo",Zimapan,,FALSE,"ZIMAPAN, HIDALGO"
104,15,Mexico,78,Coatepec Harinas,8,Almoloya de Alquisiras,4,Almoloya de Alquisiras,"Almoloya de Alquisiras, Mexico",Almoloya de Alquisiras,WEST TOLUCA,FALSE,"ALMOLOYA DE ALQUISIRAS, MEXICO"
107,15,Mexico,79,Valle de Bravo,5,Amanalco,7,Amanalco,"Amanalco, Mexico",Amanalco,Toluca,FALSE,"AMANALCO, MEXICO"
108,15,Mexico,76,Tejupilco,4,Amatepec,8,Amatepec,"Amatepec, Mexico",Amatepec,WEST TOLUCA,FALSE,"AMATEPEC, MEXICO"
132,15,Mexico,79,Valle de Bravo,6,Donato Guerra,32,Donato Guerra,"Donato Guerra, Mexico",Donato Guerra,WEST TOLUCA,FALSE,"DONATO GUERRA, MEXICO"
141,15,Mexico,79,Valle de Bravo,6,Donato Guerra,41,Ixtapan del Oro,"Ixtapan del Oro, Mexico",Ixtapan del Oro,WEST TOLUCA,FALSE,"IXTAPAN DEL ORO, MEXICO"
165,15,Mexico,79,Valle de Bravo,4,Otzoloapan,66,Otzoloapan,"Otzoloapan, Mexico",Otzoloapan,WEST TOLUCA,FALSE,"OTZOLOAPAN, MEXICO"
176,15,Mexico,76,Tejupilco,2,Temascaltepec,77,San Simon de Guerrero,"San Simon de Guerrero, Mexico",San Simon de Guerrero,WEST TOLUCA,FALSE,"SAN SIMON DE GUERRERO, MEXICO"
177,15,Mexico,79,Valle de Bravo,4,Otzoloapan,78,Santo Tomas,"Santo Tomas, Mexico",Santo Tomas,WEST TOLUCA,FALSE,"SANTO TOMAS, MEXICO"
179,15,Mexico,78,Coatepec Harinas,5,Sultepec,80,Sultepec,"Sultepec, Mexico",Sultepec,WEST TOLUCA,FALSE,"SULTEPEC, MEXICO"
181,15,Mexico,76,Tejupilco,3,Tejupilco,82,Tejupilco,"Tejupilco, Mexico",Tejupilco,WEST TOLUCA,FALSE,"TEJUPILCO, MEXICO"
185,15,Mexico,76,Tejupilco,2,Temascaltepec,86,Temascaltepec,"Temascaltepec, Mexico",Temascaltepec,WEST TOLUCA,FALSE,"TEMASCALTEPEC, MEXICO"
196,15,Mexico,78,Coatepec Harinas,1,Texcaltitlan,97,Texcaltitlan,"Texcaltitlan, Mexico",Texcaltitlan,WEST TOLUCA,FALSE,"TEXCALTITLAN, MEXICO"
204,15,Mexico,76,Tejupilco,6,Tlatlaya,105,Tlatlaya,"Tlatlaya, Mexico",Tlatlaya,WEST TOLUCA,FALSE,"TLATLAYA, MEXICO"
209,15,Mexico,79,Valle de Bravo,1,Valle de Bravo,110,Valle de Bravo,"Valle de Bravo, Mexico",Valle de Bravo,Toluca,FALSE,"VALLE DE BRAVO, MEXICO"
210,15,Mexico,79,Valle de Bravo,3,Villa de Allende,111,Villa de Allende,"Villa de Allende, Mexico",Villa de Allende,Toluca,FALSE,"VILLA DE ALLENDE, MEXICO"
215,15,Mexico,79,Valle de Bravo,4,Otzoloapan,116,Zacazonapan,"Zacazonapan, Mexico",Zacazonapan,WEST TOLUCA,FALSE,"ZACAZONAPAN, MEXICO"
216,15,Mexico,78,Coatepec Harinas,6,Zacualpan,117,Zacualpan,"Zacualpan, Mexico",Zacualpan,WEST TOLUCA,FALSE,"ZACUALPAN, MEXICO"
222,15,Mexico,76,Tejupilco,1,Luvianos,123,Luvianos,"Luvianos, Mexico",Luvianos,WEST TOLUCA,FALSE,
225,17,Morelos,94,Zacatepec-Galeana,1,Galeana,1,Amacuzac,"Amacuzac, Morelos",Amacuzac,,FALSE,"AMACUZAC, MORELOS"
227,17,Morelos,94,Zacatepec-Galeana,6,Cuautla,3,Axochiapan,"Axochiapan, Morelos",Axochiapan,,FALSE,"AXOCHIAPAN, MORELOS"
236,17,Morelos,94,Zacatepec-Galeana,1,Galeana,12,Jojutla,"Jojutla, Morelos",Jojutla,,FALSE,"JOJUTLA, MORELOS"
241,17,Morelos,94,Zacatepec-Galeana,1,Galeana,17,Puente de Ixtla,"Puente de Ixtla, Morelos",Puente de Ixtla,,FALSE,"PUENTE DE IXTLA, MORELOS"
243,17,Morelos,94,Zacatepec-Galeana,6,Cuautla,19,Tepalcingo,"Tepalcingo, Morelos",Tepalcingo,,FALSE,"TEPALCINGO, MORELOS"
249,17,Morelos,94,Zacatepec-Galeana,1,Galeana,25,Tlaquiltenango,"Tlaquiltenango, Morelos",Tlaquiltenango,,FALSE,"TLAQUILTENANGO, MORELOS"
255,17,Morelos,94,Zacatepec-Galeana,1,Galeana,31,Zacatepec,"Zacatepec, Morelos",Zacatepec de Hidalgo,,FALSE,"ZACATEPEC, MORELOS"
259,17,Morelos,94,Zacatepec-Galeana,1,Galeana,35,Xoxocotla,"Xoxocotla, Morelos",,,FALSE,
261,21,Puebla,113,Teziutlan,2,Tlatlauquitepec,2,Acateno,"Acateno, Puebla",Acateno,Teziutlan,FALSE,"ACATENO, PUEBLA"
262,21,Puebla,116,Izucar de Matamoros,4,Acatlan,3,Acatlan,"Acatlan, Puebla",Acatlan,Izucar de Matamoros,FALSE,"ACATLAN, PUEBLA"
265,21,Puebla,112,Zacatlan,1,Zacatlan,6,Ahuacatlan,"Ahuacatlan, Puebla",Ahuacatlan,Zacatlan,FALSE,"AHUACATLAN, PUEBLA"
266,21,Puebla,116,Izucar de Matamoros,1,Izucar de Matamoros,7,Ahuatlan,"Ahuatlan, Puebla",Ahuatlan,Izucar de Matamoros,FALSE,"AHUATLAN, PUEBLA"
267,21,Puebla,111,Huauchinango,1,Xicotepec de Juarez,8,Ahuazotepec,"Ahuazotepec, Puebla",Ahuazotepec,Huauchinango,FALSE,"AHUAZOTEPEC, PUEBLA"
268,21,Puebla,116,Izucar de Matamoros,3,Tehuitzingo,9,Ahuehuetitla,"Ahuehuetitla, Puebla",Ahuehuetitla,Izucar de Matamoros,FALSE,"AHUEHUETITLA, PUEBLA"
269,21,Puebla,118,Tehuacan,3,Sierra Negra,10,Ajalpan,"Ajalpan, Puebla",Ajalpan,Tehuacan,FALSE,"AJALPAN, PUEBLA"
270,21,Puebla,116,Izucar de Matamoros,3,Tehuitzingo,11,Albino Zertuche,"Albino Zertuche, Puebla",Albino Zertuche,Izucar de Matamoros,FALSE,"ALBINO ZERTUCHE, PUEBLA"
271,21,Puebla,114,Libres,3,Ciudad Serdan,12,Aljojuca,"Aljojuca, Puebla",Aljojuca,Libres,FALSE,"ALJOJUCA, PUEBLA"
272,21,Puebla,118,Tehuacan,2,La Canada Poblana,13,Altepexi,"Altepexi, Puebla",Altepexi,Tehuacan,FALSE,"ALTEPEXI, PUEBLA"
273,21,Puebla,112,Zacatlan,1,Zacatlan,14,Amixtlan,"Amixtlan, Puebla",Amixtlan,Zacatlan,FALSE,"AMIXTLAN, PUEBLA"
275,21,Puebla,112,Zacatlan,1,Zacatlan,16,Aquixtla,"Aquixtla, Puebla",Aquixtla,Zacatlan,FALSE,"AQUIXTLA, PUEBLA"
276,21,Puebla,113,Teziutlan,2,Tlatlauquitepec,17,Atempan,"Atempan, Puebla",Atempan,Teziutlan,FALSE,"ATEMPAN, PUEBLA"
277,21,Puebla,117,Tecamachalco,2,Tepexi de Rodriguez,18,Atexcal,"Atexcal, Puebla",Atexcal,Tecamachalco,FALSE,"ATEXCAL, PUEBLA"
280,21,Puebla,116,Izucar de Matamoros,1,Izucar de Matamoros,21,Atzala,"Atzala, Puebla",Atzala,Izucar de Matamoros,FALSE,"ATZALA, PUEBLA"
282,21,Puebla,114,Libres,3,Ciudad Serdan,23,Atzitzintla,"Atzitzintla, Puebla",Atzitzintla,Libres,FALSE,"ATZITZINTLA, PUEBLA"
283,21,Puebla,116,Izucar de Matamoros,3,Tehuitzingo,24,Axutla,"Axutla, Puebla",Axutla,Izucar de Matamoros,FALSE,"AXUTLA, PUEBLA"
284,21,Puebla,113,Teziutlan,2,Tlatlauquitepec,25,Ayotoxco de Guerrero,"Ayotoxco de Guerrero, Puebla",Ayotoxco de Guerrero,Teziutlan,FALSE,"AYOTOXCO DE GUERRERO, PUEBLA"
286,21,Puebla,118,Tehuacan,1,San Lorenzo,27,Caltepec,"Caltepec, Puebla",Caltepec,Tehuacan,FALSE,"CALTEPEC, PUEBLA"
287,21,Puebla,112,Zacatlan,1,Zacatlan,28,Camocuautla,"Camocuautla, Puebla",Camocuautla,Zacatlan,FALSE,"CAMOCUAUTLA, PUEBLA"
288,21,Puebla,113,Teziutlan,1,Zacapoaxtla,29,Caxhuacan,"Caxhuacan, Puebla",Caxhuacan,Teziutlan,FALSE,"CAXHUACAN, PUEBLA"
289,21,Puebla,112,Zacatlan,1,Zacatlan,30,Coatepec,"Coatepec, Puebla",Coatepec,Zacatlan,FALSE,"COATEPEC, PUEBLA"
290,21,Puebla,116,Izucar de Matamoros,1,Izucar de Matamoros,31,Coatzingo,"Coatzingo, Puebla",Coatzingo,Izucar de Matamoros,FALSE,"COATZINGO, PUEBLA"
291,21,Puebla,116,Izucar de Matamoros,2,Huehuetlan El Chico,32,Cohetzala,"Cohetzala, Puebla",Cohetzala,Izucar de Matamoros,FALSE,"COHETZALA, PUEBLA"
294,21,Puebla,118,Tehuacan,2,La Canada Poblana,35,Coxcatlan,"Coxcatlan, Puebla",Coxcatlan,Tehuacan,FALSE,"COXCATLAN, PUEBLA"
295,21,Puebla,118,Tehuacan,2,La Canada Poblana,36,Coyomeapan,"Coyomeapan, Puebla",Coyomeapan,Tehuacan,FALSE,"COYOMEAPAN, PUEBLA"
296,21,Puebla,117,Tecamachalco,2,Tepexi de Rodriguez,37,Coyotepec,"Coyotepec, Puebla",Coyotepec,Tecamachalco,FALSE,"COYOTEPEC, PUEBLA"
298,21,Puebla,112,Zacatlan,1,Zacatlan,39,Cuautempan,"Cuautempan, Puebla",Cuautempan,Zacatlan,FALSE,"CUAUTEMPAN, PUEBLA"
301,21,Puebla,116,Izucar de Matamoros,3,Tehuitzingo,42,Cuayuca de Andrade,"Cuayuca de Andrade, Puebla",Cuayuca de Andrade,Izucar de Matamoros,FALSE,"CUAYUCA DE ANDRADE, PUEBLA"
302,21,Puebla,113,Teziutlan,1,Zacapoaxtla,43,Cuetzalan del Progreso,"Cuetzalan del Progreso, Puebla",Cuetzalan del Progreso,Teziutlan,FALSE,"CUETZALAN DEL PROGRESO, PUEBLA"
303,21,Puebla,114,Libres,1,Libres,44,Cuyoaco,"Cuyoaco, Puebla",Cuyoaco,Libres,FALSE,"CUYOACO, PUEBLA"
304,21,Puebla,114,Libres,3,Ciudad Serdan,45,Chalchicomula de Sesma,"Chalchicomula de Sesma, Puebla",Chalchicomula de Sesma,Libres,FALSE,"CHALCHICOMULA DE SESMA, PUEBLA"
305,21,Puebla,118,Tehuacan,1,San Lorenzo,46,Chapulco,"Chapulco, Puebla",Chapulco,Tehuacan,FALSE,"CHAPULCO, PUEBLA"
306,21,Puebla,116,Izucar de Matamoros,2,Huehuetlan El Chico,47,Chiautla,"Chiautla, Puebla",Chiautla,Izucar de Matamoros,FALSE,"CHIAUTLA, PUEBLA"
308,21,Puebla,111,Huauchinango,1,Xicotepec de Juarez,49,Chiconcuautla,"Chiconcuautla, Puebla",Chiconcuautla,Huauchinango,FALSE,"CHICONCUAUTLA, PUEBLA"
309,21,Puebla,114,Libres,2,Guadalupe Victoria,50,Chichiquila,"Chichiquila, Puebla",Chichiquila,Libres,FALSE,"CHICHIQUILA, PUEBLA"
310,21,Puebla,116,Izucar de Matamoros,1,Izucar de Matamoros,51,Chietla,"Chietla, Puebla",Chietla,Izucar de Matamoros,FALSE,"CHIETLA, PUEBLA"
312,21,Puebla,112,Zacatlan,1,Zacatlan,53,Chignahuapan,"Chignahuapan, Puebla",Chignahuapan,Zacatlan,FALSE,"CHIGNAHUAPAN, PUEBLA"
313,21,Puebla,113,Teziutlan,2,Tlatlauquitepec,54,Chignautla,"Chignautla, Puebla",Chignautla,Teziutlan,FALSE,"CHIGNAUTLA, PUEBLA"
314,21,Puebla,116,Izucar de Matamoros,4,Acatlan,55,Chila,"Chila, Puebla",Chila,Izucar de Matamoros,FALSE,"CHILA, PUEBLA"
315,21,Puebla,116,Izucar de Matamoros,3,Tehuitzingo,56,Chila de La Sal,"Chila de La Sal, Puebla",Chila de la Sal,Izucar de Matamoros,FALSE,"CHILA DE LA SAL, PUEBLA"
316,21,Puebla,111,Huauchinango,1,Xicotepec de Juarez,57,Honey,"Honey, Puebla",Honey,Huauchinango,FALSE,"HONEY, PUEBLA"
317,21,Puebla,114,Libres,2,Guadalupe Victoria,58,Chilchotla,"Chilchotla, Puebla",Chilchotla,Libres,FALSE,"CHILCHOTLA, PUEBLA"
318,21,Puebla,116,Izucar de Matamoros,3,Tehuitzingo,59,Chinantla,"Chinantla, Puebla",Chinantla,Izucar de Matamoros,FALSE,"CHINANTLA, PUEBLA"
320,21,Puebla,118,Tehuacan,2,La Canada Poblana,61,Eloxochitlan,"Eloxochitlan, Puebla",Eloxochitlan,Tehuacan,FALSE,"ELOXOCHITLAN, PUEBLA"
322,21,Puebla,114,Libres,3,Ciudad Serdan,63,Esperanza,"Esperanza, Puebla",Esperanza,Libres,FALSE,"ESPERANZA, PUEBLA"
323,21,Puebla,111,Huauchinango,2,Villa Lazaro Cardenas,64,Francisco Z. Mena,"Francisco Z. Mena, Puebla",Francisco Z. Mena,Huauchinango,FALSE,"FRANCISCO Z. MENA, PUEBLA"
325,21,Puebla,116,Izucar de Matamoros,4,Acatlan,66,Guadalupe,"Guadalupe, Puebla",Guadalupe,Izucar de Matamoros,FALSE,"GUADALUPE, PUEBLA"
326,21,Puebla,114,Libres,2,Guadalupe Victoria,67,Guadalupe Victoria,"Guadalupe Victoria, Puebla",Guadalupe Victoria,Libres,FALSE,"GUADALUPE VICTORIA, PUEBLA"
327,21,Puebla,111,Huauchinango,1,Xicotepec de Juarez,68,Hermenegildo Galeana,"Hermenegildo Galeana, Puebla",Hermenegildo Galeana,Huauchinango,FALSE,"HERMENEGILDO GALEANA, PUEBLA"
330,21,Puebla,111,Huauchinango,1,Xicotepec de Juarez,71,Huauchinango,"Huauchinango, Puebla",Huauchinango,Huauchinango,FALSE,"HUAUCHINANGO, PUEBLA"
331,21,Puebla,113,Teziutlan,1,Zacapoaxtla,72,Huehuetla,"Huehuetla, Puebla",Huehuetla,Teziutlan,FALSE,"HUEHUETLA, PUEBLA"
332,21,Puebla,116,Izucar de Matamoros,2,Huehuetlan El Chico,73,Huehuetlan El Chico,"Huehuetlan El Chico, Puebla",Huehuetlan el Chico,Izucar de Matamoros,FALSE,"HUEHUETLAN EL CHICO, PUEBLA"
334,21,Puebla,113,Teziutlan,2,Tlatlauquitepec,75,Hueyapan,"Hueyapan, Puebla",Hueyapan,Teziutlan,FALSE,"HUEYAPAN, PUEBLA"
335,21,Puebla,113,Teziutlan,2,Tlatlauquitepec,76,Hueytamalco,"Hueytamalco, Puebla",Hueytamalco,Teziutlan,FALSE,"HUEYTAMALCO, PUEBLA"
336,21,Puebla,113,Teziutlan,1,Zacapoaxtla,77,Hueytlalpan,"Hueytlalpan, Puebla",Hueytlalpan,Teziutlan,FALSE,"HUEYTLALPAN, PUEBLA"
337,21,Puebla,113,Teziutlan,1,Zacapoaxtla,78,Huitzilan de Serdan,"Huitzilan de Serdan, Puebla",Huitzilan de Serdan,Teziutlan,FALSE,"HUITZILAN DE SERDAN, PUEBLA"
339,21,Puebla,113,Teziutlan,1,Zacapoaxtla,80,Atlequizayan,"Atlequizayan, Puebla",Atlequizayan,Teziutlan,FALSE,"ATLEQUIZAYAN, PUEBLA"
340,21,Puebla,116,Izucar de Matamoros,2,Huehuetlan El Chico,81,Ixcamilpa de Guerrero,"Ixcamilpa de Guerrero, Puebla",Ixcamilpa de Guerrero,Izucar de Matamoros,FALSE,"IXCAMILPA DE GUERRERO, PUEBLA"
341,21,Puebla,117,Tecamachalco,2,Tepexi de Rodriguez,82,Ixcaquixtla,"Ixcaquixtla, Puebla",Ixcaquixtla,Tecamachalco,FALSE,"IXCAQUIXTLA, PUEBLA"
342,21,Puebla,112,Zacatlan,1,Zacatlan,83,Ixtacamaxtitlan,"Ixtacamaxtitlan, Puebla",Ixtacamaxtitlan,Zacatlan,FALSE,"IXTACAMAXTITLAN, PUEBLA"
343,21,Puebla,113,Teziutlan,1,Zacapoaxtla,84,Ixtepec,"Ixtepec, Puebla",Ixtepec,Teziutlan,FALSE,"IXTEPEC, PUEBLA"
344,21,Puebla,116,Izucar de Matamoros,1,Izucar de Matamoros,85,Izucar de Matamoros,"Izucar de Matamoros, Puebla",Izucar de Matamoros,Izucar de Matamoros,FALSE,"IZUCAR DE MATAMOROS, PUEBLA"
345,21,Puebla,111,Huauchinango,2,Villa Lazaro Cardenas,86,Jalpan,"Jalpan, Puebla",Jalpan,Huauchinango,FALSE,"JALPAN, PUEBLA"
346,21,Puebla,116,Izucar de Matamoros,2,Huehuetlan El Chico,87,Jolalpan,"Jolalpan, Puebla",Jolalpan,Izucar de Matamoros,FALSE,"JOLALPAN, PUEBLA"
347,21,Puebla,113,Teziutlan,1,Zacapoaxtla,88,Jonotla,"Jonotla, Puebla",Jonotla,Teziutlan,FALSE,"JONOTLA, PUEBLA"
348,21,Puebla,111,Huauchinango,1,Xicotepec de Juarez,89,Jopala,"Jopala, Puebla",Jopala,Huauchinango,FALSE,"JOPALA, PUEBLA"
350,21,Puebla,111,Huauchinango,1,Xicotepec de Juarez,91,Juan Galindo,"Juan Galindo, Puebla",Juan Galindo,Huauchinango,FALSE,"JUAN GALINDO, PUEBLA"
351,21,Puebla,117,Tecamachalco,2,Tepexi de Rodriguez,92,Juan N. Mendez,"Juan N. Mendez, Puebla",Juan N. Mendez,Tecamachalco,FALSE,"JUAN N. MENDEZ, PUEBLA"
352,21,Puebla,114,Libres,2,Guadalupe Victoria,93,Lafragua,"Lafragua, Puebla",Lafragua,Libres,FALSE,"LAFRAGUA, PUEBLA"
353,21,Puebla,114,Libres,1,Libres,94,Libres,"Libres, Puebla",Libres,Libres,FALSE,"LIBRES, PUEBLA"
358,21,Puebla,114,Libres,3,Ciudad Serdan,99,Canada Morelos,"Canada Morelos, Puebla",Cañada Morelos,Libres,FALSE,"CANADA MORELOS, PUEBLA"
359,21,Puebla,111,Huauchinango,1,Xicotepec de Juarez,100,Naupan,"Naupan, Puebla",Naupan,Huauchinango,FALSE,"NAUPAN, PUEBLA"
360,21,Puebla,113,Teziutlan,1,Zacapoaxtla,101,Nauzontla,"Nauzontla, Puebla",Nauzontla,Teziutlan,FALSE,"NAUZONTLA, PUEBLA"
362,21,Puebla,118,Tehuacan,3,Sierra Negra,103,Nicolas Bravo,"Nicolas Bravo, Puebla",Nicolas Bravo,Tehuacan,FALSE,"NICOLAS BRAVO, PUEBLA"
364,21,Puebla,114,Libres,1,Libres,105,Ocotepec,"Ocotepec, Puebla",Ocotepec,Libres,FALSE,"OCOTEPEC, PUEBLA"
366,21,Puebla,113,Teziutlan,1,Zacapoaxtla,107,Olintla,"Olintla, Puebla",Olintla,Teziutlan,FALSE,"OLINTLA, PUEBLA"
367,21,Puebla,114,Libres,1,Libres,108,Oriental,"Oriental, Puebla",Oriental,Libres,FALSE,"ORIENTAL, PUEBLA"
368,21,Puebla,111,Huauchinango,1,Xicotepec de Juarez,109,Pahuatlan,"Pahuatlan, Puebla",Pahuatlan,Huauchinango,FALSE,"PAHUATLAN, PUEBLA"
369,21,Puebla,117,Tecamachalco,3,QUECHOLAC,110,Palmar de Bravo,"Palmar de Bravo, Puebla",Palmar de Bravo,Tecamachalco,FALSE,"PALMAR DE BRAVO, PUEBLA"
370,21,Puebla,111,Huauchinango,2,Villa Lazaro Cardenas,111,Pantepec,"Pantepec, Puebla",Pantepec,Huauchinango,FALSE,"PANTEPEC, PUEBLA"
371,21,Puebla,116,Izucar de Matamoros,4,Acatlan,112,Petlalcingo,"Petlalcingo, Puebla",Petlalcingo,Izucar de Matamoros,FALSE,"PETLALCINGO, PUEBLA"
372,21,Puebla,116,Izucar de Matamoros,3,Tehuitzingo,113,Piaxtla,"Piaxtla, Puebla",Piaxtla,Izucar de Matamoros,FALSE,"PIAXTLA, PUEBLA"
375,21,Puebla,114,Libres,2,Guadalupe Victoria,116,Quimixtlan,"Quimixtlan, Puebla",Quimixtlan,Libres,FALSE,"QUIMIXTLAN, PUEBLA"
379,21,Puebla,118,Tehuacan,3,Sierra Negra,120,San Antonio Canada,"San Antonio Canada, Puebla",San Antonio Cañada,Tehuacan,FALSE,"SAN ANTONIO CANADA, PUEBLA"
382,21,Puebla,111,Huauchinango,1,Xicotepec de Juarez,123,San Felipe Tepatlan,"San Felipe Tepatlan, Puebla",San Felipe Tepatlan,Huauchinango,FALSE,"SAN FELIPE TEPATLAN, PUEBLA"
383,21,Puebla,118,Tehuacan,2,La Canada Poblana,124,San Gabriel Chilac,"San Gabriel Chilac, Puebla",San Gabriel Chilac,Tehuacan,FALSE,"SAN GABRIEL CHILAC, PUEBLA"
386,21,Puebla,116,Izucar de Matamoros,4,Acatlan,127,San Jeronimo Xayacatlan,"San Jeronimo Xayacatlan, Puebla",San Jeronimo Xayacatlan,Izucar de Matamoros,FALSE,"SAN JERONIMO XAYACATLAN, PUEBLA"
388,21,Puebla,118,Tehuacan,2,La Canada Poblana,129,San Jose Miahuatlan,"San Jose Miahuatlan, Puebla",San Jose Miahuatlan,Tehuacan,FALSE,"SAN JOSE MIAHUATLAN, PUEBLA"
389,21,Puebla,114,Libres,3,Ciudad Serdan,130,San Juan Atenco,"San Juan Atenco, Puebla",San Juan Atenco,Libres,FALSE,"SAN JUAN ATENCO, PUEBLA"
394,21,Puebla,116,Izucar de Matamoros,4,Acatlan,135,San Miguel Ixitlan,"San Miguel Ixitlan, Puebla",San Miguel Ixitlan,Izucar de Matamoros,FALSE,"SAN MIGUEL IXITLAN, PUEBLA"
396,21,Puebla,114,Libres,3,Ciudad Serdan,137,San Nicolas Buenos Aires,"San Nicolas Buenos Aires, Puebla",San Nicolas Buenos Aires,Libres,FALSE,"SAN NICOLAS BUENOS AIRES, PUEBLA"
398,21,Puebla,116,Izucar de Matamoros,4,Acatlan,139,San Pablo Anicano,"San Pablo Anicano, Puebla",San Pablo Anicano,Izucar de Matamoros,FALSE,"SAN PABLO ANICANO, PUEBLA"
400,21,Puebla,116,Izucar de Matamoros,4,Acatlan,141,San Pedro Yeloixtlahuaca,"San Pedro Yeloixtlahuaca, Puebla",San Pedro Yeloixtlahuaca,Izucar de Matamoros,FALSE,"SAN PEDRO YELOIXTLAHUACA, PUEBLA"
401,21,Puebla,114,Libres,3,Ciudad Serdan,142,San Salvador El Seco,"San Salvador El Seco, Puebla",San Salvador el Seco,Libres,FALSE,"SAN SALVADOR EL SECO, PUEBLA"
404,21,Puebla,118,Tehuacan,2,La Canada Poblana,145,San Sebastian Tlacotepec,"San Sebastian Tlacotepec, Puebla",San Sebastian Tlacotepec,Tehuacan,FALSE,"SAN SEBASTIAN TLACOTEPEC, PUEBLA"
406,21,Puebla,117,Tecamachalco,2,Tepexi de Rodriguez,147,Santa Ines Ahuatempan,"Santa Ines Ahuatempan, Puebla",Santa Ines Ahuatempan,Tecamachalco,FALSE,"SANTA INES AHUATEMPAN, PUEBLA"
408,21,Puebla,118,Tehuacan,1,San Lorenzo,149,Santiago Miahuatlan,"Santiago Miahuatlan, Puebla",Santiago Miahuatlan,Tehuacan,FALSE,"SANTIAGO MIAHUATLAN, PUEBLA"
414,21,Puebla,116,Izucar de Matamoros,3,Tehuitzingo,155,Tecomatlan,"Tecomatlan, Puebla",Tecomatlan,Izucar de Matamoros,FALSE,"TECOMATLAN, PUEBLA"
415,21,Puebla,118,Tehuacan,1,San Lorenzo,156,Tehuacan,"Tehuacan, Puebla",Tehuacan,Tehuacan,FALSE,"TEHUACAN, PUEBLA"
416,21,Puebla,116,Izucar de Matamoros,3,Tehuitzingo,157,Tehuitzingo,"Tehuitzingo, Puebla",Tehuitzingo,Izucar de Matamoros,FALSE,"TEHUITZINGO, PUEBLA"
417,21,Puebla,113,Teziutlan,2,Tlatlauquitepec,158,Tenampulco,"Tenampulco, Puebla",Tenampulco,Teziutlan,FALSE,"TENAMPULCO, PUEBLA"
419,21,Puebla,116,Izucar de Matamoros,2,Huehuetlan El Chico,160,Teotlalco,"Teotlalco, Puebla",Teotlalco,Izucar de Matamoros,FALSE,"TEOTLALCO, PUEBLA"
420,21,Puebla,117,Tecamachalco,1,Tecamachalco,161,Tepanco de Lopez,"Tepanco de Lopez, Puebla",Tepanco de Lopez,Tecamachalco,FALSE,"TEPANCO DE LOPEZ, PUEBLA"
421,21,Puebla,112,Zacatlan,1,Zacatlan,162,Tepango de Rodriguez,"Tepango de Rodriguez, Puebla",Tepango de Rodriguez,Zacatlan,FALSE,"TEPANGO DE RODRIGUEZ, PUEBLA"
426,21,Puebla,112,Zacatlan,1,Zacatlan,167,Tepetzintla,"Tepetzintla, Puebla",Tepetzintla,Zacatlan,FALSE,"TEPETZINTLA, PUEBLA"
428,21,Puebla,117,Tecamachalco,2,Tepexi de Rodriguez,169,Tepexi de Rodriguez,"Tepexi de Rodriguez, Puebla",Tepexi de Rodriguez,Tecamachalco,FALSE,"TEPEXI DE RODRIGUEZ, PUEBLA"
429,21,Puebla,114,Libres,1,Libres,170,Tepeyahualco,"Tepeyahualco, Puebla",Tepeyahualco,Libres,FALSE,"TEPEYAHUALCO, PUEBLA"
431,21,Puebla,112,Zacatlan,1,Zacatlan,172,Tetela de Ocampo,"Tetela de Ocampo, Puebla",Tetela de Ocampo,Zacatlan,FALSE,"TETELA DE OCAMPO, PUEBLA"
432,21,Puebla,113,Teziutlan,2,Tlatlauquitepec,173,Teteles de Avila Castillo,"Teteles de Avila Castillo, Puebla",Teteles de avila Castillo,Teziutlan,FALSE,"TETELES DE AVILA CASTILLO, PUEBLA"
433,21,Puebla,113,Teziutlan,2,Tlatlauquitepec,174,Teziutlan,"Teziutlan, Puebla",Teziutlan,Teziutlan,FALSE,"TEZIUTLAN, PUEBLA"
436,21,Puebla,117,Tecamachalco,1,Tecamachalco,177,Tlacotepec de Benito Juarez,"Tlacotepec de Benito Juarez, Puebla",Tlacotepec de Benito Juarez,Tecamachalco,FALSE,"TLACOTEPEC DE BENITO JUAREZ, PUEBLA"
437,21,Puebla,111,Huauchinango,1,Xicotepec de Juarez,178,Tlacuilotepec,"Tlacuilotepec, Puebla",Tlacuilotepec,Huauchinango,FALSE,"TLACUILOTEPEC, PUEBLA"
438,21,Puebla,114,Libres,3,Ciudad Serdan,179,Tlachichuca,"Tlachichuca, Puebla",Tlachichuca,Libres,FALSE,"TLACHICHUCA, PUEBLA"
442,21,Puebla,111,Huauchinango,1,Xicotepec de Juarez,183,Tlaola,"Tlaola, Puebla",Tlaola,Huauchinango,FALSE,"TLAOLA, PUEBLA"
443,21,Puebla,111,Huauchinango,1,Xicotepec de Juarez,184,Tlapacoya,"Tlapacoya, Puebla",Tlapacoya,Huauchinango,FALSE,"TLAPACOYA, PUEBLA"
445,21,Puebla,113,Teziutlan,2,Tlatlauquitepec,186,Tlatlauquitepec,"Tlatlauquitepec, Puebla",Tlatlauquitepec,Teziutlan,FALSE,"TLATLAUQUITEPEC, PUEBLA"
446,21,Puebla,111,Huauchinango,1,Xicotepec de Juarez,187,Tlaxco,"Tlaxco, Puebla",Tlaxco,Huauchinango,FALSE,"TLAXCO, PUEBLA"
449,21,Puebla,116,Izucar de Matamoros,4,Acatlan,190,Totoltepec de Guerrero,"Totoltepec de Guerrero, Puebla",Totoltepec de Guerrero,Izucar de Matamoros,FALSE,"TOTOLTEPEC DE GUERRERO, PUEBLA"
450,21,Puebla,116,Izucar de Matamoros,3,Tehuitzingo,191,Tulcingo,"Tulcingo, Puebla",Tulcingo,Izucar de Matamoros,FALSE,"TULCINGO, PUEBLA"
451,21,Puebla,113,Teziutlan,1,Zacapoaxtla,192,Tuzamapan de Galeana,"Tuzamapan de Galeana, Puebla",Tuzamapan de Galeana,Teziutlan,FALSE,"TUZAMAPAN DE GALEANA, PUEBLA"
453,21,Puebla,111,Huauchinango,2,Villa Lazaro Cardenas,194,Venustiano Carranza,"Venustiano Carranza, Puebla",Venustiano Carranza,Huauchinango,FALSE,"VENUSTIANO CARRANZA, PUEBLA"
454,21,Puebla,118,Tehuacan,3,Sierra Negra,195,Vicente Guerrero,"Vicente Guerrero, Puebla",Vicente Guerrero,Tehuacan,FALSE,"VICENTE GUERRERO, PUEBLA"
455,21,Puebla,116,Izucar de Matamoros,4,Acatlan,196,Xayacatlan de Bravo,"Xayacatlan de Bravo, Puebla",Xayacatlan de Bravo,Izucar de Matamoros,FALSE,"XICOTEPEC, PUEBLA"
456,21,Puebla,111,Huauchinango,1,Xicotepec de Juarez,197,Xicotepec,"Xicotepec, Puebla",Xicotepec,Huauchinango,FALSE,"XAYACATLAN DE BRAVO, PUEBLA"
457,21,Puebla,116,Izucar de Matamoros,3,Tehuitzingo,198,Xicotlan,"Xicotlan, Puebla",Xicotlan,Izucar de Matamoros,FALSE,"XICOTLAN, PUEBLA"
458,21,Puebla,113,Teziutlan,2,Tlatlauquitepec,199,Xiutetelco,"Xiutetelco, Puebla",Xiutetelco,Teziutlan,FALSE,"XIUTETELCO, PUEBLA"
459,21,Puebla,113,Teziutlan,1,Zacapoaxtla,200,Xochiapulco,"Xochiapulco, Puebla",Xochiapulco,Teziutlan,FALSE,"XOCHIAPULCO, PUEBLA"
461,21,Puebla,113,Teziutlan,1,Zacapoaxtla,202,Xochitlan de Vicente Suarez,"Xochitlan de Vicente Suarez, Puebla",Xochitlan de Vicente Suarez,Teziutlan,FALSE,"XOCHITLAN DE VICENTE SUAREZ, PUEBLA"
463,21,Puebla,113,Teziutlan,2,Tlatlauquitepec,204,Yaonahuac,"Yaonahuac, Puebla",Yaonahuac,Teziutlan,FALSE,"YAONAHUAC, PUEBLA"
465,21,Puebla,117,Tecamachalco,2,Tepexi de Rodriguez,206,Zacapala,"Zacapala, Puebla",Zacapala,Tecamachalco,FALSE,"ZACAPALA, PUEBLA"
466,21,Puebla,113,Teziutlan,1,Zacapoaxtla,207,Zacapoaxtla,"Zacapoaxtla, Puebla",Zacapoaxtla,Teziutlan,FALSE,"ZACAPOAXTLA, PUEBLA"
467,21,Puebla,112,Zacatlan,1,Zacatlan,208,Zacatlan,"Zacatlan, Puebla",Zacatlan,Zacatlan,FALSE,"ZACATLAN, PUEBLA"
468,21,Puebla,118,Tehuacan,1,San Lorenzo,209,Zapotitlan,"Zapotitlan, Puebla",Zapotitlan,Tehuacan,FALSE,"ZAPOTITLAN, PUEBLA"
469,21,Puebla,113,Teziutlan,1,Zacapoaxtla,210,Zapotitlan de Mendez,"Zapotitlan de Mendez, Puebla",Zapotitlan de Mendez,Teziutlan,FALSE,"ZAPOTITLAN DE MENDEZ, PUEBLA"
470,21,Puebla,113,Teziutlan,2,Tlatlauquitepec,211,Zaragoza,"Zaragoza, Puebla",Zaragoza,Teziutlan,FALSE,"ZARAGOZA, PUEBLA"
471,21,Puebla,113,Teziutlan,2,Tlatlauquitepec,212,Zautla,"Zautla, Puebla",Zautla,Teziutlan,FALSE,"ZAUTLA, PUEBLA"
472,21,Puebla,111,Huauchinango,1,Xicotepec de Juarez,213,Zihuateutla,"Zihuateutla, Puebla",Zihuateutla,Huauchinango,FALSE,"ZIHUATEUTLA, PUEBLA"
473,21,Puebla,118,Tehuacan,2,La Canada Poblana,214,Zinacatepec,"Zinacatepec, Puebla",Zinacatepec,Tehuacan,FALSE,"ZINACATEPEC, PUEBLA"
474,21,Puebla,113,Teziutlan,1,Zacapoaxtla,215,Zongozotla,"Zongozotla, Puebla",Zongozotla,Teziutlan,FALSE,"ZONGOZOTLA, PUEBLA"
475,21,Puebla,113,Teziutlan,1,Zacapoaxtla,216,Zoquiapan,"Zoquiapan, Puebla",Zoquiapan,Teziutlan,FALSE,"ZOQUIAPAN, PUEBLA"
476,21,Puebla,118,Tehuacan,2,La Canada Poblana,217,Zoquitlan,"Zoquitlan, Puebla",Zoquitlan,Tehuacan,FALSE,"ZOQUITLAN, PUEBLA"
